Name,100/Run1_OutCome,50/Run1_Outcome,100/Run1_InlinedProcedures,50/Run1_InlinedProcedures,100/Run1_RunTime,50/Run1_RunTime,Who Performed Better,By How Much Percentage,50/Run1 TimedOut but not 100/Run1,100/Run1 TimedOut but not 50/Run1
hw_irqlkedispatchlte_0.bpl.bpl.txt,TIMEDOUT,TIMEDOUT,0,0,3600.0,3600.0,TIMED-OUT,TIMED-OUT,0,0
hw_irqliopassive2_0.bpl.bpl.txt,TIMEDOUT,TIMEDOUT,0,0,3600.0,3600.0,TIMED-OUT,TIMED-OUT,0,0
mouser_removelock_1.bpl.bpl.txt,TIMEDOUT,TIMEDOUT,0,0,3600.0,3600.0,TIMED-OUT,TIMED-OUT,0,0
usbccgp_lowerdriverreturn_0.bpl.bpl.txt,NOK,NOK,73,609,4.19,7.35,100/Run1,-75.417661097852,0,0
filter_iobuilddevicecontrolnofree_0.bpl.bpl.txt,ReachedBound,ReachedBound,467,2017,472.91,1025.16,100/Run1,-116.77697659174049,0,0
sbp2port_pendedcompletedrequest3_0.bpl.bpl.txt,NOK,NOK,299,1213,49.73,17.85,50/Run1,178.59943977591033,0,0
kbdclass_ioallocateirpsignaleventincompletiontimeout_1.bpl.bpl.txt,NOK,NOK,1064,2644,443.53,26.4,50/Run1,1580.0378787878788,0,0
serial_pendedcompletedrequest3_0.bpl.bpl.txt,ReachedBound,ReachedBound,2342,6052,2779.4,1014.24,50/Run1,174.0377031077457,0,0
sbp2port_irqlkeraiselower2_1.bpl.bpl.txt,TIMEDOUT,TIMEDOUT,0,0,3600.0,3600.0,TIMED-OUT,TIMED-OUT,0,0
sbp2port_completerequest_0.bpl.bpl.txt,NOK,NOK,132,501,11.16,7.42,50/Run1,50.40431266846361,0,0
modem_signaleventincompletion_0.bpl.bpl.txt,OK,ReachedBound,973,16282,473.11,1085.75,100/Run1,-129.49208429329332,0,0
61883_removelockreleasepnp_1.bpl.bpl.txt,TIMEDOUT,TIMEDOUT,0,0,3600.0,3600.0,TIMED-OUT,TIMED-OUT,0,0
sbp2port_irqlkeraiselower2_0.bpl.bpl.txt,TIMEDOUT,NOK,0,1566,3600.0,34.53,50/Run1,10325.716768027802,0,1
mouser_completerequest_0.bpl.bpl.txt,NOK,NOK,378,2830,35.24,361.33,100/Run1,-925.3405221339386,0,0
sbp2port_ioallocateforward_0.bpl.bpl.txt,TIMEDOUT,NOK,0,5676,3600.0,74.67,50/Run1,4721.213338690237,0,1
61883_irqlkereleasespinlock_1.bpl.bpl.txt,TIMEDOUT,TIMEDOUT,0,0,3600.0,3600.0,TIMED-OUT,TIMED-OUT,0,0
driver_zwregistryopen_1.bpl.bpl.txt,TIMEDOUT,TIMEDOUT,0,0,3600.0,3600.0,TIMED-OUT,TIMED-OUT,0,0
kbdclass_multremovelock_1.bpl.bpl.txt,NOK,NOK,174,845,40.7,36.41,50/Run1,11.782477341389747,0,0
sbp2port_markirppending_0.bpl.bpl.txt,TIMEDOUT,TIMEDOUT,0,0,3600.0,3600.0,TIMED-OUT,TIMED-OUT,0,0
avc_markirppending_0.bpl.bpl.txt,TIMEDOUT,TIMEDOUT,0,0,3600.0,3600.0,TIMED-OUT,TIMED-OUT,0,0
daytona_removelockreleasepnp_0.bpl.bpl.txt,NOK,NOK,136,838,16.88,19.98,100/Run1,-18.364928909952617,0,0
ppa3x_nsremovelockquerymnremove_0.bpl.bpl.txt,TIMEDOUT,TIMEDOUT,0,0,3600.0,3600.0,TIMED-OUT,TIMED-OUT,0,0
kbdclass_nsremovelockquerymnremove_1.bpl.bpl.txt,TIMEDOUT,TIMEDOUT,0,0,3600.0,3600.0,TIMED-OUT,TIMED-OUT,0,0
usbccgp_completerequeststatuscheck_0.bpl.bpl.txt,NOK,NOK,566,2135,69.52,23.32,50/Run1,198.1132075471698,0,0
serial_pagedcode_0.bpl.bpl.txt,TIMEDOUT,TIMEDOUT,0,0,3600.0,3600.0,TIMED-OUT,TIMED-OUT,0,0
hw_irqlreturn_0.bpl.bpl.txt,ReachedBound,ReachedBound,3528,7098,940.03,1381.68,100/Run1,-46.982543110326276,0,0
parzip_nsremovelockmnsurpriseremove_0.bpl.bpl.txt,TIMEDOUT,ReachedBound,0,3764,3600.0,1645.65,50/Run1,118.75854525567404,0,1
ppa3x_removelock_0.bpl.bpl.txt,TIMEDOUT,TIMEDOUT,0,0,3600.0,3600.0,TIMED-OUT,TIMED-OUT,0,0
mouclass_powerdownallocate_1.bpl.bpl.txt,ReachedBound,ReachedBound,647,1925,480.24,377.76,50/Run1,27.128335451080055,0,0
sbp2port_spinlocksafe_1.bpl.bpl.txt,TIMEDOUT,TIMEDOUT,0,0,3600.0,3600.0,TIMED-OUT,TIMED-OUT,0,0
driver_markingqueuedirps_3.bpl.bpl.txt,TIMEDOUT,ReachedBound,0,12680,3600.0,3070.17,50/Run1,17.257350570163865,0,1
daytona_removelockrelease2_0.bpl.bpl.txt,NOK,NOK,169,732,20.7,19.14,50/Run1,8.150470219435729,0,0
sbp2port_removelock_0.bpl.bpl.txt,NOK,NOK,167,2490,13.74,50.52,100/Run1,-267.68558951965065,0,0
hw_forwardedatbadirql_0.bpl.bpl.txt,TIMEDOUT,ReachedBound,0,5573,3600.0,1933.93,50/Run1,86.14944698101792,0,1
61883_removelockreleaseinternaldevicecontrol_1.bpl.bpl.txt,NOK,NOK,42,487,3.1,5.65,100/Run1,-82.25806451612904,0,0
avc_irqlkedispatchlte_1.bpl.bpl.txt,TIMEDOUT,TIMEDOUT,0,0,3600.0,3600.0,TIMED-OUT,TIMED-OUT,0,0
sbp2port_irqlioapclte_0.bpl.bpl.txt,TIMEDOUT,NOK,0,3623,3600.0,1066.59,50/Run1,237.5242595561556,0,1
sys_completerequest_6.bpl.bpl.txt,NOK,NOK,1292,335,1173.1,7.5,50/Run1,15541.333333333332,0,0
serial_irqlexallocatepool_0.bpl.bpl.txt,TIMEDOUT,TIMEDOUT,0,0,3600.0,3600.0,TIMED-OUT,TIMED-OUT,0,0
crcfilter_irqlkereleasespinlock_0.bpl.bpl.txt,TIMEDOUT,TIMEDOUT,0,0,3600.0,3600.0,TIMED-OUT,TIMED-OUT,0,0
sbp2port_irqlkedispatchlte_0.bpl.bpl.txt,TIMEDOUT,TIMEDOUT,0,0,3600.0,3600.0,TIMED-OUT,TIMED-OUT,0,0
driver_irqlkesetevent_2.bpl.bpl.txt,TIMEDOUT,TIMEDOUT,0,0,3600.0,3600.0,TIMED-OUT,TIMED-OUT,0,0
sbp2port_irqliopassive1_0.bpl.bpl.txt,TIMEDOUT,NOK,0,1577,3600.0,795.84,50/Run1,352.35223160434253,0,1
avc_irqlkesetevent_0.bpl.bpl.txt,TIMEDOUT,TIMEDOUT,0,0,3600.0,3600.0,TIMED-OUT,TIMED-OUT,0,0
1394diag_pendedcompletedrequest_0.bpl.bpl.txt,OK,ReachedBound,1765,3830,477.92,136.82,50/Run1,249.3056570676802,0,0
61883_completerequest_1.bpl.bpl.txt,NOK,NOK,2068,7122,1943.55,103.89,50/Run1,1770.776783136009,0,0
mp_irqlkedispatchlte_0.bpl.bpl.txt,ReachedBound,ReachedBound,1590,5089,301.78,575.3,100/Run1,-90.6355623301743,0,0
parport_irqlexallocatepool_0.bpl.bpl.txt,TIMEDOUT,TIMEDOUT,0,0,3600.0,3600.0,TIMED-OUT,TIMED-OUT,0,0
hw_irqlkewaitformutexobject_0.bpl.bpl.txt,ReachedBound,ReachedBound,4027,8814,1996.35,1814.26,50/Run1,10.036598943922035,0,0
61883_removelockreleaseinternaldevicecontrol_0.bpl.bpl.txt,NOK,NOK,42,886,3.04,10.32,100/Run1,-239.47368421052633,0,0
avc_irqlkereleasespinlock_1.bpl.bpl.txt,TIMEDOUT,TIMEDOUT,0,0,3600.0,3600.0,TIMED-OUT,TIMED-OUT,0,0
61883_ioreleaseremovelockandwaitoutsideremovedevice_0.bpl.bpl.txt,NOK,NOK,1728,2252,275.95,33.04,50/Run1,735.1997578692494,0,0
kbdclass_forwardedatbadirql_0.bpl.bpl.txt,ReachedBound,ReachedBound,1049,4305,463.64,166.26,50/Run1,178.86442920726574,0,0
crcfilter_irqlkedispatchlte_0.bpl.bpl.txt,TIMEDOUT,TIMEDOUT,0,0,3600.0,3600.0,TIMED-OUT,TIMED-OUT,0,0
usbprint_ioallocateirpsignaleventincompletion_0.bpl.bpl.txt,OK,ReachedBound,2831,4166,882.45,213.23,50/Run1,313.8488955587863,0,0
sbp2port_pendedcompletedrequest2_1.bpl.bpl.txt,NOK,NOK,74,828,4.14,9.13,100/Run1,-120.53140096618363,0,0
kbdclass_forwardedatbadirql_1.bpl.bpl.txt,ReachedBound,ReachedBound,1480,7091,1510.37,228.37,50/Run1,561.3697070543417,0,0
mouclass_removelockmnsurpriseremove_0.bpl.bpl.txt,OK,ReachedBound,387,1249,223.96,147.79,50/Run1,51.53934636984913,0,0
sbp2port_signaleventincompletion_0.bpl.bpl.txt,TIMEDOUT,NOK,0,409,3600.0,10.44,50/Run1,34382.75862068966,0,1
modem_markingqueuedirps_0.bpl.bpl.txt,ReachedBound,ReachedBound,1921,2976,322.76,228.51,50/Run1,41.24545971729903,0,0
cyzport_markingqueuedirps_0.bpl.bpl.txt,NOK,NOK,1332,5481,258.62,248.01,50/Run1,4.278053304302252,0,0
Imapi_markirppending_0.bpl.bpl.txt,TIMEDOUT,OK,0,3502,3600.0,930.85,50/Run1,286.74329913519904,0,1
winnt_completerequest_0.bpl.bpl.txt,TIMEDOUT,NOK,0,3677,3600.0,31.49,50/Run1,11332.20069863449,0,1
avc_completerequeststatuscheck_1.bpl.bpl.txt,NOK,NOK,606,4262,293.68,91.98,50/Run1,219.28680147858225,0,0
driver_irqlpspassive_0.bpl.bpl.txt,OK,OK,9,9,0.73,0.86,100/Run1,-17.808219178082194,0,0
ppa3x_nsremovelockmnremove_0.bpl.bpl.txt,TIMEDOUT,ReachedBound,0,5702,3600.0,3256.39,50/Run1,10.551868787215295,0,1
mouclass_signaleventincompletion_1.bpl.bpl.txt,ReachedBound,ReachedBound,895,2194,156.14,85.87,50/Run1,81.83300337719807,0,0
cyzport_irqlreturn_0.bpl.bpl.txt,ReachedBound,ReachedBound,839,5215,244.78,1475.47,100/Run1,-502.77391943786256,0,0
serial_pendedcompletedrequest3_2.bpl.bpl.txt,TIMEDOUT,ReachedBound,0,6183,3600.0,981.38,50/Run1,266.83038170739167,0,1
flpydisk_irqlexapclte1_0.bpl.bpl.txt,ReachedBound,ReachedBound,218,873,447.44,484.32,100/Run1,-8.242445914536026,0,0
sys_pendedcompletedrequest3_6.bpl.bpl.txt,ReachedBound,ReachedBound,272,644,72.93,25.82,50/Run1,182.45546088303644,0,0
serenum_markirppending_1.bpl.bpl.txt,TIMEDOUT,TIMEDOUT,0,0,3600.0,3600.0,TIMED-OUT,TIMED-OUT,0,0
sbp2port_spinlocksafe_0.bpl.bpl.txt,NOK,NOK,225,1753,13.98,32.11,100/Run1,-129.68526466380544,0,0
61883_pendedcompletedrequest3_1.bpl.bpl.txt,TIMEDOUT,TIMEDOUT,0,0,3600.0,3600.0,TIMED-OUT,TIMED-OUT,0,0
driver_irqliopassive5_1.bpl.bpl.txt,OK,OK,9,10,0.8,0.91,100/Run1,-13.749999999999998,0,0
61883_ioallocateirpsignaleventincompletiontimeout_0.bpl.bpl.txt,TIMEDOUT,NOK,0,6514,3600.0,101.21,50/Run1,3456.960774627013,0,1
kbdclass_forwardedatbadirqlallocate_1.bpl.bpl.txt,NOK,NOK,332,8439,251.65,193.28,50/Run1,30.199710264900663,0,0
sbp2port_doublecompletion_1.bpl.bpl.txt,TIMEDOUT,TIMEDOUT,0,0,3600.0,3600.0,TIMED-OUT,TIMED-OUT,0,0
serial_irqlkesetevent_1.bpl.bpl.txt,TIMEDOUT,TIMEDOUT,0,0,3600.0,3600.0,TIMED-OUT,TIMED-OUT,0,0
avc_ioreuseirp_0.bpl.bpl.txt,TIMEDOUT,TIMEDOUT,0,0,3600.0,3600.0,TIMED-OUT,TIMED-OUT,0,0
serial_irqlzwpassive_1.bpl.bpl.txt,TIMEDOUT,TIMEDOUT,0,0,3600.0,3600.0,TIMED-OUT,TIMED-OUT,0,0
usbccgp_pendedcompletedrequest3_0.bpl.bpl.txt,NOK,NOK,148,532,11.69,6.37,50/Run1,83.5164835164835,0,0
mouser_removelockrelease2_0.bpl.bpl.txt,TIMEDOUT,NOK,0,3727,3600.0,589.96,50/Run1,510.2108617533392,0,1
daytona_completerequeststatuscheck_1.bpl.bpl.txt,OK,ReachedBound,930,3585,523.63,293.53,50/Run1,78.39062446768645,0,0
filter_ioallocateirpsignaleventincompletion_0.bpl.bpl.txt,TIMEDOUT,ReachedBound,0,14858,3600.0,1972.73,50/Run1,82.48822697480142,0,1
61883_irqlkedispatchlte_0.bpl.bpl.txt,TIMEDOUT,TIMEDOUT,0,0,3600.0,3600.0,TIMED-OUT,TIMED-OUT,0,0
sys_removelockforwarddevicecontrol_0.bpl.bpl.txt,OK,OK,30,31,1.77,1.79,100/Run1,-1.12994350282486,0,0
mouser_iobuilddevicecontrolwait_1.bpl.bpl.txt,OK,ReachedBound,2274,4636,1675.17,532.87,50/Run1,214.36748174977015,0,0
sbp2port_ioallocateirpsignaleventincompletion_0.bpl.bpl.txt,TIMEDOUT,NOK,0,1416,3600.0,33.67,50/Run1,10592.010692010692,0,1
1394vdev_completerequest_0.bpl.bpl.txt,NOK,NOK,1852,612,1551.86,7.31,50/Run1,21129.274965800276,0,0
kbdclass_nsremovelockmnremove_1.bpl.bpl.txt,TIMEDOUT,TIMEDOUT,0,0,3600.0,3600.0,TIMED-OUT,TIMED-OUT,0,0
mp_markingqueuedirps_0.bpl.bpl.txt,NOK,NOK,2516,3626,1751.34,192.76,50/Run1,808.5598671923636,0,0
mxport_irqlkedispatchlte_0.bpl.bpl.txt,TIMEDOUT,TIMEDOUT,0,0,3600.0,3600.0,TIMED-OUT,TIMED-OUT,0,0
usbprint_completerequest_0.bpl.bpl.txt,TIMEDOUT,NOK,0,1066,3600.0,11.27,50/Run1,31843.212067435674,0,1
61883_removelockreleasedevicecontrol_1.bpl.bpl.txt,NOK,NOK,42,962,3.12,9.82,100/Run1,-214.74358974358972,0,0
1394vdev_markirppending_0.bpl.bpl.txt,TIMEDOUT,OK,0,13183,3600.0,394.6,50/Run1,812.3162696401419,0,1
mouser_removelockreleasepnp_1.bpl.bpl.txt,TIMEDOUT,TIMEDOUT,0,0,3600.0,3600.0,TIMED-OUT,TIMED-OUT,0,0
usbccgp_markirppending_0.bpl.bpl.txt,NOK,NOK,69,277,3.07,3.68,100/Run1,-19.86970684039089,0,0
mp_irqlreturn_0.bpl.bpl.txt,ReachedBound,ReachedBound,1629,3766,215.82,294.9,100/Run1,-36.64164581595774,0,0
hw_completerequest_0.bpl.bpl.txt,NOK,NOK,151,1331,15.18,18.24,100/Run1,-20.15810276679841,0,0
usbccgp_removelockreleaseinternaldevicecontrol_0.bpl.bpl.txt,NOK,NOK,88,345,14.77,6.72,50/Run1,119.79166666666667,0,0
driver_irqliopassive1_1.bpl.bpl.txt,OK,OK,9,10,0.74,0.91,100/Run1,-22.97297297297298,0,0
parzip_removelockreleasepnp_0.bpl.bpl.txt,TIMEDOUT,TIMEDOUT,0,0,3600.0,3600.0,TIMED-OUT,TIMED-OUT,0,0
modem_irqlkesetevent_0.bpl.bpl.txt,TIMEDOUT,TIMEDOUT,0,0,3600.0,3600.0,TIMED-OUT,TIMED-OUT,0,0
serial_pagedcode_2.bpl.bpl.txt,TIMEDOUT,TIMEDOUT,0,0,3600.0,3600.0,TIMED-OUT,TIMED-OUT,0,0
mouser_removelockforward2_0.bpl.bpl.txt,TIMEDOUT,NOK,0,4613,3600.0,1674.95,50/Run1,114.93178900862713,0,1
driver_irqlzwpassive_1.bpl.bpl.txt,OK,OK,45,90,2.32,2.41,100/Run1,-3.8793103448275996,0,0
61883_lowerdriverreturn_0.bpl.bpl.txt,TIMEDOUT,TIMEDOUT,0,0,3600.0,3600.0,TIMED-OUT,TIMED-OUT,0,0
serial_irqlkedispatchlte_1.bpl.bpl.txt,TIMEDOUT,TIMEDOUT,0,0,3600.0,3600.0,TIMED-OUT,TIMED-OUT,0,0
filter_lowerdriverreturn_1.bpl.bpl.txt,TIMEDOUT,TIMEDOUT,0,0,3600.0,3600.0,TIMED-OUT,TIMED-OUT,0,0
scsiscan_forwardedatbadirqlallocate_0.bpl.bpl.txt,NOK,NOK,195,9027,42.86,178.85,100/Run1,-317.28884741017265,0,0
61883_pendedcompletedrequest3_0.bpl.bpl.txt,NOK,NOK,164,6164,16.91,83.59,100/Run1,-394.3228858663513,0,0
61883_pendedcompletedrequest_1.bpl.bpl.txt,NOK,NOK,65,737,3.43,7.59,100/Run1,-121.28279883381924,0,0
sbp2port_pendedcompletedrequest3_1.bpl.bpl.txt,TIMEDOUT,NOK,0,1950,3600.0,40.8,50/Run1,8723.529411764706,0,1
ppa3x_completerequest_0.bpl.bpl.txt,TIMEDOUT,TIMEDOUT,0,0,3600.0,3600.0,TIMED-OUT,TIMED-OUT,0,0
avc_irqlkesetevent_1.bpl.bpl.txt,TIMEDOUT,TIMEDOUT,0,0,3600.0,3600.0,TIMED-OUT,TIMED-OUT,0,0
usbccgp_ioreuseirp_0.bpl.bpl.txt,NOK,NOK,266,7686,29.66,82.44,100/Run1,-177.950101146325,0,0
parzip_completerequest_0.bpl.bpl.txt,TIMEDOUT,TIMEDOUT,0,0,3600.0,3600.0,TIMED-OUT,TIMED-OUT,0,0
avc_pagedcode_1.bpl.bpl.txt,ReachedBound,ReachedBound,2500,3535,328.56,351.73,100/Run1,-7.051984416849287,0,0
daytona_completerequeststatuscheck_0.bpl.bpl.txt,OK,ReachedBound,931,3866,437.29,311.89,50/Run1,40.206483054923225,0,0
parport_pagedcode_0.bpl.bpl.txt,TIMEDOUT,TIMEDOUT,0,0,3600.0,3600.0,TIMED-OUT,TIMED-OUT,0,0
parzip_removelock_0.bpl.bpl.txt,TIMEDOUT,TIMEDOUT,0,0,3600.0,3600.0,TIMED-OUT,TIMED-OUT,0,0
hw_irqldispatch_0.bpl.bpl.txt,ReachedBound,TIMEDOUT,5551,0,2487.34,3600.0,100/Run1,-44.732927545088316,1,0
mp_removecheck_0.bpl.bpl.txt,ReachedBound,ReachedBound,202,296,5.9,7.22,100/Run1,-22.372881355932194,0,0
mouser_forwardedatbadirqlallocate_0.bpl.bpl.txt,TIMEDOUT,NOK,0,2055,3600.0,156.18,50/Run1,2205.032654629274,0,1
61883_ioreuseirp_1.bpl.bpl.txt,NOK,NOK,55,2609,4.7,22.4,100/Run1,-376.59574468085106,0,0
61883_irqlexallocatepool_0.bpl.bpl.txt,ReachedBound,ReachedBound,3116,5683,1236.54,1178.66,50/Run1,4.910661259396253,0,0
mouser_removelockforward2_1.bpl.bpl.txt,TIMEDOUT,NOK,0,8250,3600.0,1093.46,50/Run1,229.2301501655296,0,1
serial_markingqueuedirps_0.bpl.bpl.txt,ReachedBound,ReachedBound,2670,6769,381.31,401.95,100/Run1,-5.412918622642991,0,0
sys_irqlreturn_6.bpl.bpl.txt,NOK,NOK,722,1213,77.45,47.18,50/Run1,64.15854175498093,0,0
serial_markingqueuedirps_1.bpl.bpl.txt,ReachedBound,ReachedBound,2670,6742,393.18,444.98,100/Run1,-13.174627397120913,0,0
cyzport_irqlkesetevent_0.bpl.bpl.txt,NOK,TIMEDOUT,128,0,13.63,3600.0,100/Run1,-26312.32575201761,1,0
61883_irqlkereleasespinlock_0.bpl.bpl.txt,TIMEDOUT,TIMEDOUT,0,0,3600.0,3600.0,TIMED-OUT,TIMED-OUT,0,0
sbp2port_irqlkereleasespinlock_0.bpl.bpl.txt,TIMEDOUT,NOK,0,31381,3600.0,1423.45,50/Run1,152.90667041343215,0,1
mouser_iobuilddeviceiocontrolsetevent_1.bpl.bpl.txt,NOK,NOK,55,164,2.28,2.76,100/Run1,-21.05263157894737,0,0
driver_zwregistrycreate_0.bpl.bpl.txt,TIMEDOUT,TIMEDOUT,0,0,3600.0,3600.0,TIMED-OUT,TIMED-OUT,0,0
mouclass_completerequest_1.bpl.bpl.txt,ReachedBound,ReachedBound,845,3294,179.82,125.29,50/Run1,43.52302657833824,0,0
avc_pendedcompletedrequest_1.bpl.bpl.txt,OK,OK,497,1736,87.57,59.23,50/Run1,47.8473746412291,0,0
sys_markirppending_6.bpl.bpl.txt,NOK,NOK,2785,295,1855.37,7.34,50/Run1,25177.5204359673,0,0
modem_ioallocateirpsignaleventincompletion_0.bpl.bpl.txt,NOK,NOK,107,10498,8.65,66.93,100/Run1,-673.7572254335261,0,0
filter_completerequeststatuscheck_1.bpl.bpl.txt,ReachedBound,ReachedBound,3509,5974,454.78,2093.91,100/Run1,-360.42262192708563,0,0
61883_ioreuseirp_0.bpl.bpl.txt,NOK,NOK,67,12947,6.34,168.83,100/Run1,-2562.9337539432177,0,0
usbprint_ioallocatecomplete_0.bpl.bpl.txt,NOK,NOK,62,1529,4.35,11.23,100/Run1,-158.1609195402299,0,0
sbp2port_irqlkesetevent_0.bpl.bpl.txt,TIMEDOUT,TIMEDOUT,0,0,3600.0,3600.0,TIMED-OUT,TIMED-OUT,0,0
61883_lowerdriverreturn_1.bpl.bpl.txt,TIMEDOUT,TIMEDOUT,0,0,3600.0,3600.0,TIMED-OUT,TIMED-OUT,0,0
1394diag_ioallocatecomplete_0.bpl.bpl.txt,ReachedBound,TIMEDOUT,476,0,3366.81,3600.0,100/Run1,-6.9261407682643235,1,0
kbdclass_ioallocateirpsignaleventincompletion_0.bpl.bpl.txt,OK,ReachedBound,2403,4836,585.61,65.94,50/Run1,788.0952380952382,0,0
avc_completerequeststatuscheck_0.bpl.bpl.txt,NOK,NOK,624,3585,658.07,125.36,50/Run1,424.94416081684744,0,0
kbdclass_powerdownallocate_1.bpl.bpl.txt,ReachedBound,ReachedBound,522,1288,203.47,220.49,100/Run1,-8.364869513933263,0,0
driver_irqlobpassive_0.bpl.bpl.txt,OK,OK,9,9,0.91,0.82,50/Run1,10.97560975609757,0,0
sbp2port_markingqueuedirps_1.bpl.bpl.txt,TIMEDOUT,NOK,0,8493,3600.0,662.63,50/Run1,443.28961864087046,0,1
modem_markirppending_0.bpl.bpl.txt,TIMEDOUT,TIMEDOUT,0,0,3600.0,3600.0,TIMED-OUT,TIMED-OUT,0,0
winnt_markirppending_0.bpl.bpl.txt,NOK,NOK,65,2681,4.03,20.46,100/Run1,-407.6923076923077,0,0
mouser_multremovelock_1.bpl.bpl.txt,TIMEDOUT,NOK,0,901,3600.0,12.04,50/Run1,29800.332225913622,0,1
partmgr_nsremovelockmnremove_0.bpl.bpl.txt,TIMEDOUT,TIMEDOUT,0,0,3600.0,3600.0,TIMED-OUT,TIMED-OUT,0,0
sys_irqlzwpassive_3.bpl.bpl.txt,ReachedBound,ReachedBound,5396,6775,1322.5,2778.19,100/Run1,-110.0710775047259,0,0
parzip_nsremovelockmnremove_0.bpl.bpl.txt,TIMEDOUT,TIMEDOUT,0,0,3600.0,3600.0,TIMED-OUT,TIMED-OUT,0,0
sbp2port_irqlkeraiselower_0.bpl.bpl.txt,TIMEDOUT,TIMEDOUT,0,0,3600.0,3600.0,TIMED-OUT,TIMED-OUT,0,0
winnt_completerequeststatuscheck_0.bpl.bpl.txt,TIMEDOUT,NOK,0,2877,3600.0,62.06,50/Run1,5700.837898807606,0,1
sys_removelockforwarddevicecontrol2_0.bpl.bpl.txt,OK,OK,30,46,1.99,1.52,50/Run1,30.921052631578945,0,0
61883_removelockreleasepnp_0.bpl.bpl.txt,TIMEDOUT,TIMEDOUT,0,0,3600.0,3600.0,TIMED-OUT,TIMED-OUT,0,0
avc_forwardedatbadirql_0.bpl.bpl.txt,TIMEDOUT,TIMEDOUT,0,0,3600.0,3600.0,TIMED-OUT,TIMED-OUT,0,0
modem_irqlkereleasespinlock_0.bpl.bpl.txt,TIMEDOUT,TIMEDOUT,0,0,3600.0,3600.0,TIMED-OUT,TIMED-OUT,0,0
serial_zwregistryopen_2.bpl.bpl.txt,ReachedBound,TIMEDOUT,924,0,1647.02,3600.0,100/Run1,-118.57658073368873,1,0
modem_pendedcompletedrequest_0.bpl.bpl.txt,NOK,NOK,180,8443,8.75,57.4,100/Run1,-556.0,0,0
partmgr_nsremovelockmnsurpriseremove_0.bpl.bpl.txt,TIMEDOUT,TIMEDOUT,0,0,3600.0,3600.0,TIMED-OUT,TIMED-OUT,0,0
cyzport_irqlkereleasespinlock_0.bpl.bpl.txt,TIMEDOUT,NOK,0,2874,3600.0,38.59,50/Run1,9228.841668826119,0,1
sbp2port_irqlreturn_1.bpl.bpl.txt,ReachedBound,ReachedBound,1899,3004,409.49,304.91,50/Run1,34.298645501951384,0,0
61883_forwardedatbadirqlallocate_0.bpl.bpl.txt,ReachedBound,ReachedBound,1573,3903,206.74,146.58,50/Run1,41.04243416564333,0,0
serenum_completerequest_2.bpl.bpl.txt,ReachedBound,ReachedBound,969,2765,854.4,1239.0,100/Run1,-45.01404494382023,0,0
usbccgp_removelockreleasepower_0.bpl.bpl.txt,NOK,NOK,256,2499,70.15,18.51,50/Run1,278.98433279308483,0,0
usbccgp_irqlkedispatchlte_0.bpl.bpl.txt,TIMEDOUT,TIMEDOUT,0,0,3600.0,3600.0,TIMED-OUT,TIMED-OUT,0,0
cyyport_pagedcode_0.bpl.bpl.txt,ReachedBound,TIMEDOUT,1304,0,1219.47,3600.0,100/Run1,-195.21021427341384,1,0
sbp2port_lowerdriverreturn_1.bpl.bpl.txt,NOK,NOK,729,580,46.03,10.59,50/Run1,334.6553352219074,0,0
mouser_ioallocateirpsignaleventincompletiontimeout_1.bpl.bpl.txt,ReachedBound,ReachedBound,4302,5712,3294.18,755.71,50/Run1,335.9053075915364,0,0
mouser_iobuilddevicecontrolwait_0.bpl.bpl.txt,OK,ReachedBound,2274,4550,1745.59,525.6,50/Run1,232.1137747336377,0,0
Imapi_removelockreleasedevicecontrol_0.bpl.bpl.txt,TIMEDOUT,OK,0,2831,3600.0,568.55,50/Run1,533.1896930788849,0,1
cyzport_irqldispatch_0.bpl.bpl.txt,NOK,NOK,104,1120,6.12,24.22,100/Run1,-295.7516339869281,0,0
driver_irqlkewaitformutexobject_2.bpl.bpl.txt,ReachedBound,ReachedBound,136,833,4.74,10.58,100/Run1,-123.2067510548523,0,0
hw_irqlkesetevent_0.bpl.bpl.txt,TIMEDOUT,TIMEDOUT,0,0,3600.0,3600.0,TIMED-OUT,TIMED-OUT,0,0
driver_irqlioapclte_2.bpl.bpl.txt,OK,OK,9,9,0.81,0.75,50/Run1,8.000000000000007,0,0
sbp2port_irqlioapclte_1.bpl.bpl.txt,ReachedBound,ReachedBound,1516,2355,152.91,143.5,50/Run1,6.557491289198604,0,0
61883_irqlkesetevent_0.bpl.bpl.txt,OK,OK,11,11,0.5,0.47,50/Run1,6.382978723404261,0,0
61883_removelockrelease2_1.bpl.bpl.txt,TIMEDOUT,TIMEDOUT,0,0,3600.0,3600.0,TIMED-OUT,TIMED-OUT,0,0
driver_irqlkedispatchlte_1.bpl.bpl.txt,TIMEDOUT,TIMEDOUT,0,0,3600.0,3600.0,TIMED-OUT,TIMED-OUT,0,0
kbdclass_completerequest_1.bpl.bpl.txt,TIMEDOUT,TIMEDOUT,0,0,3600.0,3600.0,TIMED-OUT,TIMED-OUT,0,0
61883_completerequeststatuscheck_1.bpl.bpl.txt,NOK,NOK,57,257,3.86,5.53,100/Run1,-43.264248704663224,0,0
sbp2port_pendedcompletedrequest_0.bpl.bpl.txt,TIMEDOUT,NOK,0,737,3600.0,23.33,50/Run1,15330.775825117877,0,1
61883_multremovelock_0.bpl.bpl.txt,ReachedBound,ReachedBound,3387,6841,467.03,701.91,100/Run1,-50.29227244502494,0,0
kbdclass_ioallocatefree_1.bpl.bpl.txt,NOK,NOK,125,2056,13.88,18.86,100/Run1,-35.878962536023046,0,0
ppa3x_removelockreleasepnp_0.bpl.bpl.txt,TIMEDOUT,TIMEDOUT,0,0,3600.0,3600.0,TIMED-OUT,TIMED-OUT,0,0
mouser_removelock_0.bpl.bpl.txt,TIMEDOUT,TIMEDOUT,0,0,3600.0,3600.0,TIMED-OUT,TIMED-OUT,0,0
mp_irqlkewaitformutexobject_0.bpl.bpl.txt,ReachedBound,ReachedBound,1816,5755,434.19,830.6,100/Run1,-91.29874018286925,0,0
avc_irqlkereleasespinlock_0.bpl.bpl.txt,TIMEDOUT,TIMEDOUT,0,0,3600.0,3600.0,TIMED-OUT,TIMED-OUT,0,0
mp_irqlexpassive_0.bpl.bpl.txt,TIMEDOUT,TIMEDOUT,0,0,3600.0,3600.0,TIMED-OUT,TIMED-OUT,0,0
sbp2port_irqlexallocatepool_0.bpl.bpl.txt,TIMEDOUT,TIMEDOUT,0,0,3600.0,3600.0,TIMED-OUT,TIMED-OUT,0,0
61883_multremovelock_1.bpl.bpl.txt,ReachedBound,ReachedBound,3301,9382,547.73,669.86,100/Run1,-22.297482336187535,0,0
61883_ioallocatecomplete_1.bpl.bpl.txt,NOK,NOK,1389,31005,774.6,1021.9,100/Run1,-31.92615543506325,0,0
sbp2port_irqlkewaitformutexobject_0.bpl.bpl.txt,TIMEDOUT,NOK,0,1390,3600.0,68.93,50/Run1,5122.689685187871,0,1
kbdclass_ioallocatefree_0.bpl.bpl.txt,ReachedBound,ReachedBound,2113,6096,498.26,269.96,50/Run1,84.5680841606164,0,0
driver_irqliopassive3_2.bpl.bpl.txt,OK,OK,9,9,0.75,0.84,100/Run1,-11.999999999999995,0,0
winnt_pendedcompletedrequest3_0.bpl.bpl.txt,NOK,NOK,150,613,20.96,14.78,50/Run1,41.813261163734786,0,0
1394diag_pendedcompletedrequest2_0.bpl.bpl.txt,TIMEDOUT,ReachedBound,0,19267,3600.0,531.1,50/Run1,577.8384485031067,0,1
serial_zwregistryopen_0.bpl.bpl.txt,ReachedBound,ReachedBound,925,4553,1553.46,2606.3,100/Run1,-67.77387251683339,0,0
sbp2port_irqlkeraiselower_1.bpl.bpl.txt,TIMEDOUT,TIMEDOUT,0,0,3600.0,3600.0,TIMED-OUT,TIMED-OUT,0,0
mouser_forwardedatbadirqlallocate_1.bpl.bpl.txt,TIMEDOUT,TIMEDOUT,0,0,3600.0,3600.0,TIMED-OUT,TIMED-OUT,0,0
mouser_removelockreleasecreate_1.bpl.bpl.txt,TIMEDOUT,TIMEDOUT,0,0,3600.0,3600.0,TIMED-OUT,TIMED-OUT,0,0
sbp2port_irqlreturn_0.bpl.bpl.txt,TIMEDOUT,NOK,0,923,3600.0,264.88,50/Run1,1259.106010268801,0,1
usbccgp_irqliopassive3_0.bpl.bpl.txt,TIMEDOUT,ReachedBound,0,19561,3600.0,3224.19,50/Run1,11.655950796944346,0,1
serial_irqlzwpassive_0.bpl.bpl.txt,TIMEDOUT,TIMEDOUT,0,0,3600.0,3600.0,TIMED-OUT,TIMED-OUT,0,0
ppa3x_ioallocateirpsignaleventincompletion_0.bpl.bpl.txt,ReachedBound,ReachedBound,471,1749,267.33,50.26,50/Run1,431.8941504178273,0,0
61883_pendedcompletedrequest_0.bpl.bpl.txt,NOK,NOK,65,517,3.23,6.96,100/Run1,-115.47987616099071,0,0
serenum_markirppending_0.bpl.bpl.txt,TIMEDOUT,ReachedBound,0,8113,3600.0,2100.78,50/Run1,71.36492160054834,0,1
parport_markstartdevice_0.bpl.bpl.txt,NOK,NOK,173,331,13.95,14.5,100/Run1,-3.942652329749109,0,0
driver_completerequest_3.bpl.bpl.txt,TIMEDOUT,TIMEDOUT,0,0,3600.0,3600.0,TIMED-OUT,TIMED-OUT,0,0
avc_pendedcompletedrequest_0.bpl.bpl.txt,OK,ReachedBound,1291,3082,309.78,166.59,50/Run1,85.95353862776875,0,0
winnt_forwardedatbadirql_0.bpl.bpl.txt,TIMEDOUT,TIMEDOUT,0,0,3600.0,3600.0,TIMED-OUT,TIMED-OUT,0,0
61883_markirppending_0.bpl.bpl.txt,TIMEDOUT,TIMEDOUT,0,0,3600.0,3600.0,TIMED-OUT,TIMED-OUT,0,0
hw_irqlexallocatepool_0.bpl.bpl.txt,TIMEDOUT,TIMEDOUT,0,0,3600.0,3600.0,TIMED-OUT,TIMED-OUT,0,0
hw_irqlkereleasespinlock_0.bpl.bpl.txt,TIMEDOUT,TIMEDOUT,0,0,3600.0,3600.0,TIMED-OUT,TIMED-OUT,0,0
61883_irqlreturn_0.bpl.bpl.txt,ReachedBound,ReachedBound,2442,3922,441.48,199.39,50/Run1,121.41531671598378,0,0
sys_pendedcompletedrequest_0.bpl.bpl.txt,NOK,NOK,183,3930,23.43,59.67,100/Run1,-154.67349551856594,0,0
mouser_ioallocateirpsignaleventincompletion_1.bpl.bpl.txt,ReachedBound,ReachedBound,4143,5917,2573.54,1045.06,50/Run1,146.25763114079575,0,0
61883_ioallocateforward_0.bpl.bpl.txt,TIMEDOUT,TIMEDOUT,0,0,3600.0,3600.0,TIMED-OUT,TIMED-OUT,0,0
kbdclass_removelockmnsurpriseremove_0.bpl.bpl.txt,TIMEDOUT,TIMEDOUT,0,0,3600.0,3600.0,TIMED-OUT,TIMED-OUT,0,0
mouser_removelockreleasepnp_0.bpl.bpl.txt,TIMEDOUT,TIMEDOUT,0,0,3600.0,3600.0,TIMED-OUT,TIMED-OUT,0,0
usbccgp_forwardedatbadirql_0.bpl.bpl.txt,NOK,NOK,116,1300,9.59,18.24,100/Run1,-90.19812304483837,0,0
cyzport_irqlkedispatchlte_0.bpl.bpl.txt,NOK,TIMEDOUT,143,0,14.71,3600.0,100/Run1,-24373.147518694765,1,0
sbp2port_doublecompletion_0.bpl.bpl.txt,NOK,NOK,119,1403,4.79,18.75,100/Run1,-291.4405010438414,0,0
kbdclass_removelockreleasepnp_1.bpl.bpl.txt,NOK,NOK,161,2366,152.9,128.68,50/Run1,18.82188374261734,0,0
serial_irqlexallocatepool_1.bpl.bpl.txt,TIMEDOUT,TIMEDOUT,0,0,3600.0,3600.0,TIMED-OUT,TIMED-OUT,0,0
sys_zwregistrycreate_0.bpl.bpl.txt,TIMEDOUT,TIMEDOUT,0,0,3600.0,3600.0,TIMED-OUT,TIMED-OUT,0,0
sbp2port_markingqueuedirps_0.bpl.bpl.txt,TIMEDOUT,TIMEDOUT,0,0,3600.0,3600.0,TIMED-OUT,TIMED-OUT,0,0
daytona_removelockreleasepnp_1.bpl.bpl.txt,NOK,NOK,246,1463,43.38,55.81,100/Run1,-28.653757491931763,0,0
sys_zwregistryopen_0.bpl.bpl.txt,TIMEDOUT,TIMEDOUT,0,0,3600.0,3600.0,TIMED-OUT,TIMED-OUT,0,0
sbp2port_deletedevice_0.bpl.bpl.txt,ReachedBound,ReachedBound,2504,3095,442.07,544.84,100/Run1,-23.24744949894814,0,0
tffsport_spinlocksafe_0.bpl.bpl.txt,TIMEDOUT,TIMEDOUT,0,0,3600.0,3600.0,TIMED-OUT,TIMED-OUT,0,0
mouser_removelockreleasecreate_0.bpl.bpl.txt,TIMEDOUT,TIMEDOUT,0,0,3600.0,3600.0,TIMED-OUT,TIMED-OUT,0,0
driver_targetrelationneedsref_0.bpl.bpl.txt,TIMEDOUT,TIMEDOUT,0,0,3600.0,3600.0,TIMED-OUT,TIMED-OUT,0,0
mouser_removelockreleasepower_1.bpl.bpl.txt,TIMEDOUT,TIMEDOUT,0,0,3600.0,3600.0,TIMED-OUT,TIMED-OUT,0,0
mouclass_multremovelock_0.bpl.bpl.txt,NOK,NOK,140,439,36.5,23.15,50/Run1,57.66738660907128,0,0
mp_iobuildfsdirpsignaleventincompletiontimeout_0.bpl.bpl.txt,ReachedBound,ReachedBound,1802,3993,385.0,693.0,100/Run1,-80.0,0,0
kbdclass_forwardedatbadirqlallocate_0.bpl.bpl.txt,NOK,NOK,322,8345,189.57,352.0,100/Run1,-85.68338872184418,0,0
avc_forwardedatbadirql_1.bpl.bpl.txt,TIMEDOUT,TIMEDOUT,0,0,3600.0,3600.0,TIMED-OUT,TIMED-OUT,0,0
avc_pagedcode_0.bpl.bpl.txt,ReachedBound,ReachedBound,2618,4022,307.36,348.21,100/Run1,-13.29060385216032,0,0
driver_irqlexallocatepool_3.bpl.bpl.txt,ReachedBound,ReachedBound,173,949,7.49,12.46,100/Run1,-66.35514018691589,0,0
mouser_lowerdriverreturn_1.bpl.bpl.txt,TIMEDOUT,NOK,0,1390,3600.0,45.7,50/Run1,7777.461706783371,0,1
kbdclass_ioallocateirpsignaleventincompletion_1.bpl.bpl.txt,NOK,NOK,101,787,10.78,13.4,100/Run1,-24.304267161410028,0,0
flpydisk_irqlexapclte1_1.bpl.bpl.txt,TIMEDOUT,TIMEDOUT,0,0,3600.0,3600.0,TIMED-OUT,TIMED-OUT,0,0
mouclass_ioallocateirpsignaleventincompletiontimeout_0.bpl.bpl.txt,NOK,NOK,1461,2420,466.61,46.06,50/Run1,913.0481980026053,0,0
mp_pendedcompletedrequest3_0.bpl.bpl.txt,ReachedBound,ReachedBound,1281,2858,880.38,111.43,50/Run1,690.0744862245356,0,0
hw_irqliopassive4_0.bpl.bpl.txt,ReachedBound,ReachedBound,4372,9138,1974.84,2458.65,100/Run1,-24.498693565048317,0,0
serial_irqlkedispatchlte_0.bpl.bpl.txt,NOK,TIMEDOUT,1198,0,2217.83,3600.0,100/Run1,-62.32082711479239,1,0
sbp2port_removelockrelease2_0.bpl.bpl.txt,NOK,NOK,124,613,7.65,9.85,100/Run1,-28.75816993464051,0,0
mp_irqlkeapclte2_0.bpl.bpl.txt,ReachedBound,ReachedBound,1626,3910,212.71,319.18,100/Run1,-50.05406421888956,0,0
kbdclass_nsremovelockmnremove_0.bpl.bpl.txt,TIMEDOUT,TIMEDOUT,0,0,3600.0,3600.0,TIMED-OUT,TIMED-OUT,0,0
sbp2port_irqliopassive4_1.bpl.bpl.txt,ReachedBound,ReachedBound,1528,2207,189.84,164.91,50/Run1,15.11733672912498,0,0
avc_ioallocatecomplete_0.bpl.bpl.txt,TIMEDOUT,NOK,0,1172,3600.0,12.61,50/Run1,28448.770816812055,0,1
sbp2port_forwardedatbadirqlallocate_0.bpl.bpl.txt,NOK,NOK,97,2380,5.4,29.98,100/Run1,-455.18518518518516,0,0
sbp2port_markirppending_1.bpl.bpl.txt,NOK,NOK,388,16136,54.74,222.37,100/Run1,-306.2294483010595,0,0
61883_completerequeststatuscheck_0.bpl.bpl.txt,TIMEDOUT,NOK,0,1642,3600.0,31.72,50/Run1,11249.306431273644,0,1
61883_markqueryrelations_1.bpl.bpl.txt,NOK,NOK,87,510,5.88,7.85,100/Run1,-33.50340136054422,0,0
mouser_ioallocateirpsignaleventincompletion_0.bpl.bpl.txt,ReachedBound,ReachedBound,4143,5994,2481.51,1068.51,50/Run1,132.24022236572426,0,0
sbp2port_irqlkesetevent_1.bpl.bpl.txt,TIMEDOUT,TIMEDOUT,0,0,3600.0,3600.0,TIMED-OUT,TIMED-OUT,0,0
mouser_completerequest_1.bpl.bpl.txt,TIMEDOUT,TIMEDOUT,0,0,3600.0,3600.0,TIMED-OUT,TIMED-OUT,0,0
61883_ioallocateirpsignaleventincompletion_0.bpl.bpl.txt,NOK,NOK,60,12747,5.5,233.7,100/Run1,-4149.090909090909,0,0
61883_ioallocateforward_1.bpl.bpl.txt,TIMEDOUT,TIMEDOUT,0,0,3600.0,3600.0,TIMED-OUT,TIMED-OUT,0,0
61883_removelock_0.bpl.bpl.txt,TIMEDOUT,TIMEDOUT,0,0,3600.0,3600.0,TIMED-OUT,TIMED-OUT,0,0
avc_irqlkedispatchlte_0.bpl.bpl.txt,TIMEDOUT,TIMEDOUT,0,0,3600.0,3600.0,TIMED-OUT,TIMED-OUT,0,0
kbdclass_nsremovelockmnsurpriseremove_0.bpl.bpl.txt,TIMEDOUT,TIMEDOUT,0,0,3600.0,3600.0,TIMED-OUT,TIMED-OUT,0,0
daytona_removelockrelease2_1.bpl.bpl.txt,NOK,NOK,163,842,17.47,23.7,100/Run1,-35.661133371493996,0,0
sys_iobuilddeviceiocontrolsetevent_0.bpl.bpl.txt,ReachedBound,ReachedBound,743,1973,390.97,88.17,50/Run1,343.42746966088237,0,0
serial_markingqueuedirps_2.bpl.bpl.txt,ReachedBound,ReachedBound,2573,6501,369.02,408.0,100/Run1,-10.563113110400526,0,0
hw_markstartdevice_0.bpl.bpl.txt,NOK,NOK,1273,8028,359.95,2055.7,100/Run1,-471.10709820808444,0,0
kbdclass_removelockforward2_1.bpl.bpl.txt,NOK,NOK,273,4210,155.1,331.82,100/Run1,-113.93939393939394,0,0
61883_ioallocateirpsignaleventincompletion_1.bpl.bpl.txt,NOK,NOK,48,1962,3.93,21.66,100/Run1,-451.14503816793894,0,0
serial_irqlkesetevent_0.bpl.bpl.txt,NOK,TIMEDOUT,760,0,575.98,3600.0,100/Run1,-525.0217021424355,1,0
61883_removelockreleasedevicecontrol_0.bpl.bpl.txt,NOK,NOK,42,1112,3.41,12.0,100/Run1,-251.90615835777126,0,0
usbccgp_irqlkereleasespinlock_0.bpl.bpl.txt,TIMEDOUT,TIMEDOUT,0,0,3600.0,3600.0,TIMED-OUT,TIMED-OUT,0,0
modem_pendedcompletedrequest2_0.bpl.bpl.txt,NOK,NOK,1200,19191,894.39,200.27,50/Run1,346.59210066410344,0,0
mouser_multremovelock_0.bpl.bpl.txt,TIMEDOUT,NOK,0,715,3600.0,6.75,50/Run1,53233.333333333336,0,1
avc_markirppending_1.bpl.bpl.txt,TIMEDOUT,TIMEDOUT,0,0,3600.0,3600.0,TIMED-OUT,TIMED-OUT,0,0
hw_pagedcode_0.bpl.bpl.txt,TIMEDOUT,TIMEDOUT,0,0,3600.0,3600.0,TIMED-OUT,TIMED-OUT,0,0
mouser_removelockmnsurpriseremove_0.bpl.bpl.txt,TIMEDOUT,TIMEDOUT,0,0,3600.0,3600.0,TIMED-OUT,TIMED-OUT,0,0
tffsport_checkdeviceobjectflags_0.bpl.bpl.txt,TIMEDOUT,ReachedBound,0,1108,3600.0,1718.58,50/Run1,109.47526446252138,0,1
serenum_completerequest_0.bpl.bpl.txt,ReachedBound,ReachedBound,976,2800,618.03,1242.94,100/Run1,-101.11321456887208,0,0
driver_irqliopassive4_0.bpl.bpl.txt,OK,OK,9,12,0.87,0.93,100/Run1,-6.896551724137938,0,0
avc_lowerdriverreturn_0.bpl.bpl.txt,NOK,NOK,800,4756,654.7,179.41,50/Run1,264.91834345911604,0,0
61883_irqlkedispatchlte_1.bpl.bpl.txt,TIMEDOUT,TIMEDOUT,0,0,3600.0,3600.0,TIMED-OUT,TIMED-OUT,0,0
sbp2port_markdevicepower_1.bpl.bpl.txt,TIMEDOUT,TIMEDOUT,0,0,3600.0,3600.0,TIMED-OUT,TIMED-OUT,0,0
hw_irpcancelfield_0.bpl.bpl.txt,ReachedBound,ReachedBound,3771,12148,1097.81,2151.56,100/Run1,-95.98655505050966,0,0
serial_irqlexallocatepool_2.bpl.bpl.txt,TIMEDOUT,TIMEDOUT,0,0,3600.0,3600.0,TIMED-OUT,TIMED-OUT,0,0
Imapi_removelockforwarddevicecontrol2_0.bpl.bpl.txt,TIMEDOUT,TIMEDOUT,0,0,3600.0,3600.0,TIMED-OUT,TIMED-OUT,0,0
sbp2port_completerequest_1.bpl.bpl.txt,TIMEDOUT,TIMEDOUT,0,0,3600.0,3600.0,TIMED-OUT,TIMED-OUT,0,0
usbccgp_completerequest_0.bpl.bpl.txt,NOK,NOK,97,2759,5.68,23.55,100/Run1,-314.61267605633805,0,0
modem_completerequest_0.bpl.bpl.txt,TIMEDOUT,NOK,0,49982,3600.0,1462.64,50/Run1,146.13028496417434,0,1
mouser_iobuilddeviceiocontrolsetevent_0.bpl.bpl.txt,NOK,NOK,255,3228,52.57,67.61,100/Run1,-28.6094730835077,0,0
61883_ioallocatecomplete_0.bpl.bpl.txt,NOK,TIMEDOUT,241,0,28.01,3600.0,100/Run1,-12752.55265976437,1,0
hw_irqlkeraiselower_0.bpl.bpl.txt,TIMEDOUT,TIMEDOUT,0,0,3600.0,3600.0,TIMED-OUT,TIMED-OUT,0,0
avc_completerequest_0.bpl.bpl.txt,TIMEDOUT,TIMEDOUT,0,0,3600.0,3600.0,TIMED-OUT,TIMED-OUT,0,0
Imapi_removelockrelease2_0.bpl.bpl.txt,TIMEDOUT,OK,0,3094,3600.0,225.96,50/Run1,1493.2023366967603,0,1
kbdclass_irqlkedispatchlte_1.bpl.bpl.txt,TIMEDOUT,TIMEDOUT,0,0,3600.0,3600.0,TIMED-OUT,TIMED-OUT,0,0
kbdclass_multremovelock_0.bpl.bpl.txt,NOK,NOK,1250,2409,1013.26,483.89,50/Run1,109.39883031267436,0,0
61883_ioallocatefree_0.bpl.bpl.txt,TIMEDOUT,TIMEDOUT,0,0,3600.0,3600.0,TIMED-OUT,TIMED-OUT,0,0
partmgr_nsremovelockquerymnremove_0.bpl.bpl.txt,TIMEDOUT,TIMEDOUT,0,0,3600.0,3600.0,TIMED-OUT,TIMED-OUT,0,0
serial_zwregistryopen_1.bpl.bpl.txt,ReachedBound,ReachedBound,924,4497,1293.5,3489.47,100/Run1,-169.769617317356,0,0
parzip_nsremovelockquerymnremove_0.bpl.bpl.txt,OK,OK,156,416,15.4,5.68,50/Run1,171.1267605633803,0,0
61883_irqlreturn_1.bpl.bpl.txt,ReachedBound,ReachedBound,2035,3554,322.6,276.99,50/Run1,16.46629842232572,0,0
61883_markqueryrelations_0.bpl.bpl.txt,TIMEDOUT,TIMEDOUT,0,0,3600.0,3600.0,TIMED-OUT,TIMED-OUT,0,0
1394diag_completerequest_0.bpl.bpl.txt,TIMEDOUT,NOK,0,318,3600.0,5.33,50/Run1,67442.2138836773,0,1
mouclass_multremovelock_1.bpl.bpl.txt,NOK,NOK,170,1248,41.77,67.6,100/Run1,-61.83864017237249,0,0
sys_removelockreleasedevicecontrol_4.bpl.bpl.txt,OK,OK,34,35,2.41,1.42,50/Run1,69.71830985915494,0,0
kerneldriver_irqlkedispatchlte_0.bpl.bpl.txt,TIMEDOUT,TIMEDOUT,0,0,3600.0,3600.0,TIMED-OUT,TIMED-OUT,0,0
61883_ioallocateirpsignaleventincompletiontimeout_1.bpl.bpl.txt,TIMEDOUT,NOK,0,2954,3600.0,39.58,50/Run1,8995.502779181405,0,1
serenum_markirppending_2.bpl.bpl.txt,TIMEDOUT,ReachedBound,0,8009,3600.0,2382.15,50/Run1,51.12398463572823,0,1
driver_iobuildsynchronousfsdrequestnofree_0.bpl.bpl.txt,NOK,NOK,1500,63460,440.74,2161.69,100/Run1,-390.4683033080728,0,0
avc_lowerdriverreturn_1.bpl.bpl.txt,NOK,NOK,784,4792,2510.95,227.66,50/Run1,1002.9385926381445,0,0
driver_irqlapclte_0.bpl.bpl.txt,OK,OK,9,10,0.9,0.85,50/Run1,5.882352941176476,0,0
61883_forwardedatbadirqlallocate_1.bpl.bpl.txt,ReachedBound,ReachedBound,2380,5850,680.83,775.28,100/Run1,-13.872772938912787,0,0
serenum_completerequest_1.bpl.bpl.txt,ReachedBound,TIMEDOUT,2171,0,3209.75,3600.0,100/Run1,-12.15826777786432,1,0
61883_ioallocatefree_1.bpl.bpl.txt,TIMEDOUT,TIMEDOUT,0,0,3600.0,3600.0,TIMED-OUT,TIMED-OUT,0,0
kbdclass_signaleventincompletion_1.bpl.bpl.txt,NOK,NOK,1434,5971,741.53,143.72,50/Run1,415.9546340105761,0,0
usbccgp_irqlioapclte_0.bpl.bpl.txt,TIMEDOUT,TIMEDOUT,0,0,3600.0,3600.0,TIMED-OUT,TIMED-OUT,0,0
partmgr_completerequest_0.bpl.bpl.txt,ReachedBound,ReachedBound,1316,3623,1090.25,501.99,50/Run1,117.18560130679893,0,0
kbdclass_removelockmnsurpriseremove_1.bpl.bpl.txt,NOK,NOK,312,2245,353.31,144.18,50/Run1,145.04785684560963,0,0
sbp2port_irqlkedispatchlte_1.bpl.bpl.txt,TIMEDOUT,TIMEDOUT,0,0,3600.0,3600.0,TIMED-OUT,TIMED-OUT,0,0
sbp2port_irqldispatch_1.bpl.bpl.txt,TIMEDOUT,TIMEDOUT,0,0,3600.0,3600.0,TIMED-OUT,TIMED-OUT,0,0
61883_markirppending_1.bpl.bpl.txt,TIMEDOUT,TIMEDOUT,0,0,3600.0,3600.0,TIMED-OUT,TIMED-OUT,0,0
modem_irqlkedispatchlte_0.bpl.bpl.txt,TIMEDOUT,TIMEDOUT,0,0,3600.0,3600.0,TIMED-OUT,TIMED-OUT,0,0
avc_ioallocateirpsignaleventincompletion_1.bpl.bpl.txt,TIMEDOUT,NOK,0,7196,3600.0,113.73,50/Run1,3065.3917172250067,0,1
61883_removelockrelease2_0.bpl.bpl.txt,TIMEDOUT,TIMEDOUT,0,0,3600.0,3600.0,TIMED-OUT,TIMED-OUT,0,0
serial_pagedcode_1.bpl.bpl.txt,TIMEDOUT,TIMEDOUT,0,0,3600.0,3600.0,TIMED-OUT,TIMED-OUT,0,0
61883_completerequest_0.bpl.bpl.txt,TIMEDOUT,NOK,0,8586,3600.0,748.64,50/Run1,380.87198119256254,0,1
mp_irqlexapclte3_0.bpl.bpl.txt,ReachedBound,ReachedBound,1309,4700,204.79,453.68,100/Run1,-121.53425460227551,0,0
avc_ioreuseirp_1.bpl.bpl.txt,TIMEDOUT,TIMEDOUT,0,0,3600.0,3600.0,TIMED-OUT,TIMED-OUT,0,0
serial_pendedcompletedrequest3_1.bpl.bpl.txt,NOK,NOK,2176,1870,2864.05,44.07,50/Run1,6398.865441343318,0,0
serial_irqlzwpassive_2.bpl.bpl.txt,TIMEDOUT,TIMEDOUT,0,0,3600.0,3600.0,TIMED-OUT,TIMED-OUT,0,0
mouser_ioallocateirpsignaleventincompletiontimeout_0.bpl.bpl.txt,ReachedBound,ReachedBound,4302,6018,3367.53,847.33,50/Run1,297.42839271594306,0,0
kbdclass_nsremovelockmnsurpriseremove_1.bpl.bpl.txt,TIMEDOUT,TIMEDOUT,0,0,3600.0,3600.0,TIMED-OUT,TIMED-OUT,0,0
daytona_removelock_0.bpl.bpl.txt,NOK,NOK,255,1458,44.22,30.06,50/Run1,47.1057884231537,0,0
61883_removelock_1.bpl.bpl.txt,TIMEDOUT,TIMEDOUT,0,0,3600.0,3600.0,TIMED-OUT,TIMED-OUT,0,0
sys_removelockmnsurpriseremove_0.bpl.bpl.txt,TIMEDOUT,NOK,0,3886,3600.0,58.46,50/Run1,6058.056790968183,0,1
tffsport_spinlockrelease_0.bpl.bpl.txt,TIMEDOUT,TIMEDOUT,0,0,3600.0,3600.0,TIMED-OUT,TIMED-OUT,0,0
mouser_removelockmnsurpriseremove_1.bpl.bpl.txt,TIMEDOUT,TIMEDOUT,0,0,3600.0,3600.0,TIMED-OUT,TIMED-OUT,0,0
ppa3x_nsremovelockmnsurpriseremove_0.bpl.bpl.txt,TIMEDOUT,ReachedBound,0,3836,3600.0,1639.85,50/Run1,119.53227429338051,0,1
