Name,100/Run1_OutCome,100/Run1_Outcome,100/Run1_InlinedProcedures,100/Run1_InlinedProcedures,100/Run1_RunTime,100/Run1_RunTime,Who Performed Better,By How Much Percentage,100/Run1 TimedOut but not 100/Run1,100/Run1 TimedOut but not 100/Run1
linux-4.0-rc1---drivers--gpu--drm--qxl--qxl.ko_false-unreach-call.cil.i.bpl.bpl.txt,TIMEDOUT,TIMEDOUT,0,0,3600.0,3600.0,TIMED-OUT,TIMED-OUT,0,0
32_1_cilled_true-unreach-call_ok_nondet_linux-3.4-32_1-drivers--rtc--rtc-ds3232.ko-ldv_main0_sequence_infinite_withcheck_stateful.cil.out.i.bpl.bpl.txt,ReachedBound,ReachedBound,122,122,15.63,15.63,TIMED-OUT,TIMED-OUT,0,0
linux-4.2-rc1.tar.xz-43_2a-drivers--md--dm-snapshot.ko-entry_point_true-unreach-call.cil.out.i.bpl.bpl.txt,TIMEDOUT,TIMEDOUT,0,0,3600.0,3600.0,TIMED-OUT,TIMED-OUT,0,0
linux-4.2-rc1.tar.xz-08_1a-drivers--scsi--fcoe--fcoe.ko-entry_point_false-unreach-call.cil.out.i.bpl.bpl.txt,TIMEDOUT,TIMEDOUT,0,0,3600.0,3600.0,TIMED-OUT,TIMED-OUT,0,0
linux-4.2-rc1.tar.xz-32_7a-drivers--hwmon--lm78.ko-entry_point_true-unreach-call.cil.out.i.bpl.bpl.txt,TIMEDOUT,TIMEDOUT,0,0,3600.0,3600.0,TIMED-OUT,TIMED-OUT,0,0
linux-4.2-rc1.tar.xz-43_2a-drivers--md--dm-thin-pool.ko-entry_point_true-unreach-call.cil.out.i.bpl.bpl.txt,TIMEDOUT,TIMEDOUT,0,0,3600.0,3600.0,TIMED-OUT,TIMED-OUT,0,0
linux-4.2-rc1.tar.xz-32_7a-drivers--net--wireless--prism54--prism54.ko-entry_point_true-unreach-call.cil.out.i.bpl.bpl.txt,TIMEDOUT,TIMEDOUT,0,0,3600.0,3600.0,TIMED-OUT,TIMED-OUT,0,0
linux-4.2-rc1.tar.xz-43_2a-drivers--net--ethernet--chelsio--cxgb3--cxgb3.ko-entry_point_true-unreach-call.cil.out.i.bpl.bpl.txt,TIMEDOUT,TIMEDOUT,0,0,3600.0,3600.0,TIMED-OUT,TIMED-OUT,0,0
43_2a_consumption_linux-3.16-rc1.tar.xz-43_2a-drivers--media--pci--cx18--cx18.ko-entry_point_true-unreach-call.cil.out.i.bpl.bpl.txt,TIMEDOUT,TIMEDOUT,0,0,3600.0,3600.0,TIMED-OUT,TIMED-OUT,0,0
32_7a_cilled_true-unreach-call_linux-3.8-rc1-drivers--isdn--mISDN--l1oip.ko-main.cil.out.i.bpl.bpl.txt,ReachedBound,ReachedBound,15,15,857.43,857.43,TIMED-OUT,TIMED-OUT,0,0
linux-4.2-rc1.tar.xz-32_7a-drivers--net--wireless--ath--wil6210--wil6210.ko-entry_point_true-unreach-call.cil.out.i.bpl.bpl.txt,TIMEDOUT,TIMEDOUT,0,0,3600.0,3600.0,TIMED-OUT,TIMED-OUT,0,0
32_7a_cilled_true-unreach-call_linux-3.8-rc1-drivers--misc--sgi-xp--xpc.ko-main.cil.out.i.bpl.bpl.txt,ReachedBound,ReachedBound,212,212,49.62,49.62,TIMED-OUT,TIMED-OUT,0,0
linux-4.2-rc1.tar.xz-43_2a-drivers--net--ethernet--packetengines--hamachi.ko-entry_point_true-unreach-call.cil.out.i.bpl.bpl.txt,ReachedBound,ReachedBound,400,400,82.53,82.53,TIMED-OUT,TIMED-OUT,0,0
linux-4.2-rc1.tar.xz-32_7a-drivers--hid--hid-roccat-kovaplus.ko-entry_point_true-unreach-call.cil.out.i.bpl.bpl.txt,ReachedBound,ReachedBound,1014,1014,433.36,433.36,TIMED-OUT,TIMED-OUT,0,0
linux-4.2-rc1.tar.xz-32_7a-drivers--memstick--core--ms_block.ko-entry_point_true-unreach-call.cil.out.i.bpl.bpl.txt,TIMEDOUT,TIMEDOUT,0,0,3600.0,3600.0,TIMED-OUT,TIMED-OUT,0,0
linux-4.2-rc1.tar.xz-32_7a-drivers--hwmon--applesmc.ko-entry_point_true-unreach-call.cil.out.i.bpl.bpl.txt,TIMEDOUT,TIMEDOUT,0,0,3600.0,3600.0,TIMED-OUT,TIMED-OUT,0,0
linux-4.2-rc1.tar.xz-43_2a-drivers--scsi--scsi_debug.ko-entry_point_true-unreach-call.cil.out.i.bpl.bpl.txt,TIMEDOUT,TIMEDOUT,0,0,3600.0,3600.0,TIMED-OUT,TIMED-OUT,0,0
43_2a_bitvector_linux-3.16-rc1.tar.xz-43_2a-net--unix--unix.ko-entry_point_false-unreach-call.cil.out.i.bpl.bpl.txt,TIMEDOUT,TIMEDOUT,0,0,3600.0,3600.0,TIMED-OUT,TIMED-OUT,0,0
32_7a_cilled_true-unreach-call_linux-3.8-rc1-drivers--usb--host--ohci-hcd.ko-main.cil.out.i.bpl.bpl.txt,ReachedBound,ReachedBound,131,131,290.58,290.58,TIMED-OUT,TIMED-OUT,0,0
linux-4.2-rc1.tar.xz-32_7a-drivers--hwmon--abituguru.ko-entry_point_true-unreach-call.cil.out.i.bpl.bpl.txt,ReachedBound,ReachedBound,100,100,303.51,303.51,TIMED-OUT,TIMED-OUT,0,0
linux-4.2-rc1.tar.xz-32_7a-drivers--media--pci--cx18--cx18.ko-entry_point_true-unreach-call.cil.out.i.bpl.bpl.txt,TIMEDOUT,TIMEDOUT,0,0,3600.0,3600.0,TIMED-OUT,TIMED-OUT,0,0
linux-stable-47dffc7-1-144_2a-drivers--net--usb--cdc-phonet.ko-entry_point_ldv-val-v0.8_false-unreach-call.cil.out.i.bpl.bpl.txt,ReachedBound,ReachedBound,59,59,1.91,1.91,TIMED-OUT,TIMED-OUT,0,0
linux-4.0-rc1---drivers--block--nvme.ko_false-unreach-call.cil.i.bpl.bpl.txt,NOK,NOK,450,450,365.25,365.25,TIMED-OUT,TIMED-OUT,0,0
linux-4.2-rc1.tar.xz-32_7a-drivers--misc--vmw_vmci--vmw_vmci.ko-entry_point_true-unreach-call.cil.out.i.bpl.bpl.txt,TIMEDOUT,TIMEDOUT,0,0,3600.0,3600.0,TIMED-OUT,TIMED-OUT,0,0
205_9a_array_unsafes_linux-3.16-rc1.tar.xz-205_9a-drivers--net--ethernet--8390--8390.ko-entry_point_false-unreach-call.cil.out.i.bpl.bpl.txt,TIMEDOUT,TIMEDOUT,0,0,3600.0,3600.0,TIMED-OUT,TIMED-OUT,0,0
linux-stable-4ee267b-1-130_7a-drivers--hwmon--ibmaem.ko-entry_point_ldv-val-v0.8_false-unreach-call.cil.out.i.bpl.bpl.txt,NOK,NOK,307,307,41.86,41.86,TIMED-OUT,TIMED-OUT,0,0
205_9a_array_unsafes_linux-3.16-rc1.tar.xz-205_9a-drivers--net--wan--hdlc_fr.ko-entry_point_false-unreach-call.cil.out.i.bpl.bpl.txt,NOK,NOK,156,156,27.13,27.13,TIMED-OUT,TIMED-OUT,0,0
linux-4.2-rc1.tar.xz-32_7a-drivers--hid--usbhid--usbhid.ko-entry_point_true-unreach-call.cil.out.i.bpl.bpl.txt,TIMEDOUT,TIMEDOUT,0,0,3600.0,3600.0,TIMED-OUT,TIMED-OUT,0,0
32_7a_cilled_true-unreach-call_linux-3.8-rc1-32_7a-drivers--net--arcnet--arcnet.ko-ldv_main0_sequence_infinite_withcheck_stateful.cil.out.i.bpl.bpl.txt,OK,OK,6,6,0.52,0.52,TIMED-OUT,TIMED-OUT,0,0
32_7a_cilled_true-unreach-call_linux-3.8-rc1-drivers--misc--pch_phub.ko-main.cil.out.i.bpl.bpl.txt,ReachedBound,ReachedBound,89,89,13.78,13.78,TIMED-OUT,TIMED-OUT,0,0
linux-4.2-rc1.tar.xz-32_7a-drivers--usb--storage--uas.ko-entry_point_true-unreach-call.cil.out.i.bpl.bpl.txt,ReachedBound,ReachedBound,231,231,26.76,26.76,TIMED-OUT,TIMED-OUT,0,0
linux-4.0-rc1---drivers--video--fbdev--s3fb.ko_false-unreach-call.cil.i.bpl.bpl.txt,NOK,NOK,330,330,465.3,465.3,TIMED-OUT,TIMED-OUT,0,0
linux-3.12-rc1.tar.xz-144_2a-drivers--usb--serial--usbserial.ko-entry_point_false-unreach-call.cil.out.i.bpl.bpl.txt,NOK,NOK,280,280,209.59,209.59,TIMED-OUT,TIMED-OUT,0,0
linux-4.2-rc1.tar.xz-32_7a-drivers--infiniband--ulp--isert--ib_isert.ko-entry_point_true-unreach-call.cil.out.i.bpl.bpl.txt,TIMEDOUT,TIMEDOUT,0,0,3600.0,3600.0,TIMED-OUT,TIMED-OUT,0,0
32_7a_cilled_true-unreach-call_linux-3.8-rc1-drivers--media--usb--tm6000--tm6000.ko-main.cil.out.i.bpl.bpl.txt,TIMEDOUT,TIMEDOUT,0,0,3600.0,3600.0,TIMED-OUT,TIMED-OUT,0,0
linux-4.2-rc1.tar.xz-32_7a-drivers--infiniband--hw--mlx5--mlx5_ib.ko-entry_point_true-unreach-call.cil.out.i.bpl.bpl.txt,TIMEDOUT,TIMEDOUT,0,0,3600.0,3600.0,TIMED-OUT,TIMED-OUT,0,0
linux-4.2-rc1.tar.xz-43_2a-drivers--scsi--fcoe--fcoe.ko-entry_point_true-unreach-call.cil.out.i.bpl.bpl.txt,TIMEDOUT,TIMEDOUT,0,0,3600.0,3600.0,TIMED-OUT,TIMED-OUT,0,0
linux-4.2-rc1.tar.xz-43_2a-drivers--usb--host--fusbh200-hcd.ko-entry_point_true-unreach-call.cil.out.i.bpl.bpl.txt,Inconclusive,Inconclusive,0,0,3600.0,3600.0,TIMED-OUT,TIMED-OUT,0,0
usb_urb-drivers-net-usb-catc.ko_false-unreach-call.cil.out.i.bpl.bpl.txt,NOK,NOK,197,197,73.44,73.44,TIMED-OUT,TIMED-OUT,0,0
linux-4.2-rc1.tar.xz-43_2a-drivers--net--ethernet--cisco--enic--enic.ko-entry_point_true-unreach-call.cil.out.i.bpl.bpl.txt,TIMEDOUT,TIMEDOUT,0,0,3600.0,3600.0,TIMED-OUT,TIMED-OUT,0,0
linux-4.0-rc1---drivers--block--mtip32xx--mtip32xx.ko_false-unreach-call.cil.i.bpl.bpl.txt,TIMEDOUT,TIMEDOUT,0,0,3600.0,3600.0,TIMED-OUT,TIMED-OUT,0,0
43_2a_consumption_linux-3.16-rc1.tar.xz-43_2a-drivers--tty--serial--8250--8250.ko-entry_point_true-unreach-call.cil.out.i.bpl.bpl.txt,TIMEDOUT,TIMEDOUT,0,0,3600.0,3600.0,TIMED-OUT,TIMED-OUT,0,0
linux-4.2-rc1.tar.xz-43_2a-drivers--net--ethernet--atheros--alx--alx.ko-entry_point_true-unreach-call.cil.out.i.bpl.bpl.txt,TIMEDOUT,TIMEDOUT,0,0,3600.0,3600.0,TIMED-OUT,TIMED-OUT,0,0
linux-4.2-rc1.tar.xz-08_1a-drivers--scsi--sg.ko-entry_point_false-unreach-call.cil.out.i.bpl.bpl.txt,ReachedBound,ReachedBound,1114,1114,842.84,842.84,TIMED-OUT,TIMED-OUT,0,0
43_1a_cilled_true-unreach-call_ok_nondet_linux-43_1a-drivers--scsi--pcmcia--sym53c500_cs.ko-ldv_main0_sequence_infinite_withcheck_stateful.cil.out.i.bpl.bpl.txt,ReachedBound,ReachedBound,120,120,7.93,7.93,TIMED-OUT,TIMED-OUT,0,0
32_1_cilled_true-unreach-call_ok_nondet_linux-3.4-32_1-drivers--mtd--ubi--gluebi.ko-ldv_main0_sequence_infinite_withcheck_stateful.cil.out.i.bpl.bpl.txt,ReachedBound,ReachedBound,209,209,29.94,29.94,TIMED-OUT,TIMED-OUT,0,0
module_get_put-drivers-block-pktcdvd.ko_false-unreach-call.cil.out.i.bpl.bpl.txt,NOK,NOK,368,368,46.33,46.33,TIMED-OUT,TIMED-OUT,0,0
linux-4.2-rc1.tar.xz-43_2a-drivers--infiniband--ulp--isert--ib_isert.ko-entry_point_true-unreach-call.cil.out.i.bpl.bpl.txt,TIMEDOUT,TIMEDOUT,0,0,3600.0,3600.0,TIMED-OUT,TIMED-OUT,0,0
linux-4.2-rc1.tar.xz-32_7a-drivers--media--usb--pvrusb2--pvrusb2.ko-entry_point_true-unreach-call.cil.out.i.bpl.bpl.txt,Inconclusive,Inconclusive,0,0,3600.0,3600.0,TIMED-OUT,TIMED-OUT,0,0
205_9a_array_safes_linux-3.16-rc1.tar.xz-205_9a-drivers--net--usb--cdc_eem.ko-entry_point_true-unreach-call.cil.out.i.bpl.bpl.txt,ReachedBound,ReachedBound,155,155,13.35,13.35,TIMED-OUT,TIMED-OUT,0,0
linux-4.2-rc1.tar.xz-43_2a-drivers--scsi--aic7xxx--aic7xxx.ko-entry_point_true-unreach-call.cil.out.i.bpl.bpl.txt,TIMEDOUT,TIMEDOUT,0,0,3600.0,3600.0,TIMED-OUT,TIMED-OUT,0,0
32_7a_cilled_true-unreach-call_linux-3.8-rc1-drivers--tty--synclinkmp.ko-main.cil.out.i.bpl.bpl.txt,ReachedBound,ReachedBound,103,103,150.23,150.23,TIMED-OUT,TIMED-OUT,0,0
linux-3.12-rc1.tar.xz-144_2a-drivers--net--can--usb--usb_8dev.ko-entry_point_false-unreach-call.cil.out.i.bpl.bpl.txt,ReachedBound,ReachedBound,31,31,1.92,1.92,TIMED-OUT,TIMED-OUT,0,0
linux-4.2-rc1.tar.xz-32_7a-drivers--net--wireless--p54--p54usb.ko-entry_point_true-unreach-call.cil.out.i.bpl.bpl.txt,ReachedBound,ReachedBound,161,161,360.41,360.41,TIMED-OUT,TIMED-OUT,0,0
linux-4.2-rc1.tar.xz-32_7a-drivers--video--fbdev--udlfb.ko-entry_point_true-unreach-call.cil.out.i.bpl.bpl.txt,TIMEDOUT,TIMEDOUT,0,0,3600.0,3600.0,TIMED-OUT,TIMED-OUT,0,0
32_1_cilled_true-unreach-call_ok_nondet_linux-3.4-32_1-drivers--media--dvb--dvb-usb--dvb-usb-az6027.ko-ldv_main0_sequence_infinite_withcheck_stateful.cil.out.i.bpl.bpl.txt,ReachedBound,ReachedBound,391,391,789.12,789.12,TIMED-OUT,TIMED-OUT,0,0
32_7a_cilled_true-unreach-call_linux-3.8-rc1-drivers--net--wireless--rtlwifi--rtl8192de--rtl8192de.ko-main.cil.out.i.bpl.bpl.txt,NOK,NOK,95,95,75.03,75.03,TIMED-OUT,TIMED-OUT,0,0
linux-4.2-rc1.tar.xz-43_2a-drivers--bluetooth--hci_uart.ko-entry_point_true-unreach-call.cil.out.i.bpl.bpl.txt,ReachedBound,ReachedBound,1197,1197,473.18,473.18,TIMED-OUT,TIMED-OUT,0,0
linux-4.2-rc1.tar.xz-08_1a-drivers--vfio--vfio.ko-entry_point_false-unreach-call.cil.out.i.bpl.bpl.txt,TIMEDOUT,TIMEDOUT,0,0,3600.0,3600.0,TIMED-OUT,TIMED-OUT,0,0
linux-4.2-rc1.tar.xz-43_2a-drivers--media--pci--saa7164--saa7164.ko-entry_point_true-unreach-call.cil.out.i.bpl.bpl.txt,TIMEDOUT,TIMEDOUT,0,0,3600.0,3600.0,TIMED-OUT,TIMED-OUT,0,0
linux-4.2-rc1.tar.xz-32_7a-drivers--media--usb--cx231xx--cx231xx.ko-entry_point_true-unreach-call.cil.out.i.bpl.bpl.txt,Inconclusive,Inconclusive,0,0,3600.0,3600.0,TIMED-OUT,TIMED-OUT,0,0
linux-4.2-rc1.tar.xz-32_7a-drivers--staging--lustre--lnet--lnet--lnet.ko-entry_point_true-unreach-call.cil.out.i.bpl.bpl.txt,NOK,NOK,124,124,643.19,643.19,TIMED-OUT,TIMED-OUT,0,0
linux-4.2-rc1.tar.xz-08_1a-drivers--usb--serial--usbserial.ko-entry_point_false-unreach-call.cil.out.i.bpl.bpl.txt,TIMEDOUT,TIMEDOUT,0,0,3600.0,3600.0,TIMED-OUT,TIMED-OUT,0,0
205_9a_array_safes_linux-3.16-rc1.tar.xz-205_9a-drivers--net--arcnet--rfc1051.ko-entry_point_true-unreach-call.cil.out.i.bpl.bpl.txt,ReachedBound,ReachedBound,106,106,3.25,3.25,TIMED-OUT,TIMED-OUT,0,0
linux-4.2-rc1.tar.xz-32_7a-drivers--net--ethernet--chelsio--cxgb3--cxgb3.ko-entry_point_true-unreach-call.cil.out.i.bpl.bpl.txt,TIMEDOUT,TIMEDOUT,0,0,3600.0,3600.0,TIMED-OUT,TIMED-OUT,0,0
linux-4.0-rc1---drivers--net--wireless--rtlwifi--rtl8192de--rtl8192de.ko_false-unreach-call.cil.i.bpl.bpl.txt,TIMEDOUT,TIMEDOUT,0,0,3600.0,3600.0,TIMED-OUT,TIMED-OUT,0,0
43_2a_consumption_linux-3.16-rc1.tar.xz-43_2a-net--sched--sch_cbq.ko-entry_point_true-unreach-call.cil.out.i.bpl.bpl.txt,ReachedBound,ReachedBound,330,330,26.58,26.58,TIMED-OUT,TIMED-OUT,0,0
linux-4.2-rc1.tar.xz-43_2a-drivers--scsi--libfc--libfc.ko-entry_point_true-unreach-call.cil.out.i.bpl.bpl.txt,ReachedBound,ReachedBound,252,252,74.18,74.18,TIMED-OUT,TIMED-OUT,0,0
linux-4.2-rc1.tar.xz-43_2a-drivers--net--ethernet--atheros--atl1e--atl1e.ko-entry_point_true-unreach-call.cil.out.i.bpl.bpl.txt,ReachedBound,ReachedBound,1332,1332,1481.65,1481.65,TIMED-OUT,TIMED-OUT,0,0
main1_false-unreach-call_drivers-usb-core-usbcore-ko--32_7a--linux-3.7.3.i.bpl.bpl.txt,TIMEDOUT,TIMEDOUT,0,0,3600.0,3600.0,TIMED-OUT,TIMED-OUT,0,0
linux-4.2-rc1.tar.xz-32_7a-drivers--input--mousedev.ko-entry_point_false-unreach-call.cil.out.i.bpl.bpl.txt,NOK,NOK,437,437,122.3,122.3,TIMED-OUT,TIMED-OUT,0,0
linux-4.2-rc1.tar.xz-43_2a-drivers--usb--serial--digi_acceleport.ko-entry_point_true-unreach-call.cil.out.i.bpl.bpl.txt,ReachedBound,ReachedBound,2189,2189,1809.88,1809.88,TIMED-OUT,TIMED-OUT,0,0
32_1_cilled_true-unreach-call_ok_nondet_linux-3.4-32_1-drivers--media--video--gspca--gspca_jl2005bcd.ko-ldv_main0_sequence_infinite_withcheck_stateful.cil.out.i.bpl.bpl.txt,ReachedBound,ReachedBound,41,41,5.43,5.43,TIMED-OUT,TIMED-OUT,0,0
linux-4.2-rc1.tar.xz-43_2a-drivers--scsi--device_handler--scsi_dh_rdac.ko-entry_point_true-unreach-call.cil.out.i.bpl.bpl.txt,ReachedBound,ReachedBound,231,231,47.6,47.6,TIMED-OUT,TIMED-OUT,0,0
linux-4.2-rc1.tar.xz-08_1a-drivers--md--dm-cache.ko-entry_point_false-unreach-call.cil.out.i.bpl.bpl.txt,TIMEDOUT,TIMEDOUT,0,0,3600.0,3600.0,TIMED-OUT,TIMED-OUT,0,0
linux-stable-073676f-1-114_1a-drivers--net--b44.ko-entry_point_false-unreach-call.cil.out.i.bpl.bpl.txt,NOK,NOK,113,113,513.5,513.5,TIMED-OUT,TIMED-OUT,0,0
linux-4.2-rc1.tar.xz-32_7a-drivers--target--iscsi--iscsi_target_mod.ko-entry_point_true-unreach-call.cil.out.i.bpl.bpl.txt,Inconclusive,Inconclusive,0,0,3600.0,3600.0,TIMED-OUT,TIMED-OUT,0,0
linux-4.0-rc1---drivers--firewire--firewire-core.ko_false-unreach-call.cil.i.bpl.bpl.txt,Inconclusive,Inconclusive,0,0,3600.0,3600.0,TIMED-OUT,TIMED-OUT,0,0
32_7a_cilled_true-unreach-call_linux-3.8-rc1-drivers--block--cpqarray.ko-main.cil.out.i.bpl.bpl.txt,ReachedBound,ReachedBound,52,52,32.26,32.26,TIMED-OUT,TIMED-OUT,0,0
linux-4.2-rc1.tar.xz-32_7a-drivers--net--wireless--ath--ath9k--ath9k.ko-entry_point_true-unreach-call.cil.out.i.bpl.bpl.txt,TIMEDOUT,TIMEDOUT,0,0,3600.0,3600.0,TIMED-OUT,TIMED-OUT,0,0
205_9a_array_unsafes_linux-3.16-rc1.tar.xz-205_9a-drivers--net--ieee802154--mrf24j40.ko-entry_point_false-unreach-call.cil.out.i.bpl.bpl.txt,ReachedBound,ReachedBound,87,87,14.1,14.1,TIMED-OUT,TIMED-OUT,0,0
32_7a_cilled_true-unreach-call_linux-3.8-rc1-drivers--hwmon--asb100.ko-main.cil.out.i.bpl.bpl.txt,TIMEDOUT,TIMEDOUT,0,0,3600.0,3600.0,TIMED-OUT,TIMED-OUT,0,0
32_1_cilled_true-unreach-call_ok_nondet_linux-3.4-32_1-drivers--staging--iio--dds--ad9951.ko-ldv_main0_sequence_infinite_withcheck_stateful.cil.out.i.bpl.bpl.txt,ReachedBound,ReachedBound,111,111,6.43,6.43,TIMED-OUT,TIMED-OUT,0,0
linux-4.2-rc1.tar.xz-43_2a-drivers--tty--serial--jsm--jsm.ko-entry_point_true-unreach-call.cil.out.i.bpl.bpl.txt,TIMEDOUT,TIMEDOUT,0,0,3600.0,3600.0,TIMED-OUT,TIMED-OUT,0,0
linux-4.2-rc1.tar.xz-43_2a-drivers--net--irda--vlsi_ir.ko-entry_point_true-unreach-call.cil.out.i.bpl.bpl.txt,ReachedBound,ReachedBound,1017,1017,888.05,888.05,TIMED-OUT,TIMED-OUT,0,0
205_9a_array_safes_linux-3.16-rc1.tar.xz-205_9a-drivers--net--ethernet--qlogic--netxen--netxen_nic.ko-entry_point_true-unreach-call.cil.out.i.bpl.bpl.txt,TIMEDOUT,TIMEDOUT,0,0,3600.0,3600.0,TIMED-OUT,TIMED-OUT,0,0
linux-4.2-rc1.tar.xz-43_2a-drivers--staging--vt6656--vt6656_stage.ko-entry_point_true-unreach-call.cil.out.i.bpl.bpl.txt,TIMEDOUT,TIMEDOUT,0,0,3600.0,3600.0,TIMED-OUT,TIMED-OUT,0,0
43_2a_consumption_linux-3.16-rc1.tar.xz-43_2a-sound--drivers--snd-aloop.ko-entry_point_true-unreach-call.cil.out.i.bpl.bpl.txt,ReachedBound,ReachedBound,256,256,79.11,79.11,TIMED-OUT,TIMED-OUT,0,0
linux-4.2-rc1.tar.xz-43_2a-drivers--scsi--initio.ko-entry_point_true-unreach-call.cil.out.i.bpl.bpl.txt,ReachedBound,ReachedBound,144,144,10.17,10.17,TIMED-OUT,TIMED-OUT,0,0
linux-4.0-rc1---drivers--video--fbdev--udlfb.ko_false-unreach-call.cil.i.bpl.bpl.txt,TIMEDOUT,TIMEDOUT,0,0,3600.0,3600.0,TIMED-OUT,TIMED-OUT,0,0
linux-4.2-rc1.tar.xz-43_2a-drivers--target--target_core_mod.ko-entry_point_true-unreach-call.cil.out.i.bpl.bpl.txt,Inconclusive,Inconclusive,0,0,3600.0,3600.0,TIMED-OUT,TIMED-OUT,0,0
linux-stable-2b9ec6c-1-106_1a-drivers--usb--gadget--g_printer.ko-entry_point_ldv-val-v0.8_false-unreach-call.cil.out.i.bpl.bpl.txt,TIMEDOUT,TIMEDOUT,0,0,3600.0,3600.0,TIMED-OUT,TIMED-OUT,0,0
linux-4.2-rc1.tar.xz-43_2a-drivers--net--wireless--rtl818x--rtl8180--rtl818x_pci.ko-entry_point_true-unreach-call.cil.out.i.bpl.bpl.txt,TIMEDOUT,TIMEDOUT,0,0,3600.0,3600.0,TIMED-OUT,TIMED-OUT,0,0
linux-3.8-rc1-32_7a-drivers--usb--core--usbcore.ko-ldv_main11_sequence_infinite_withcheck_stateful_false-unreach-call.cil.out.i.bpl.bpl.txt,TIMEDOUT,TIMEDOUT,0,0,3600.0,3600.0,TIMED-OUT,TIMED-OUT,0,0
linux-4.2-rc1.tar.xz-32_7a-drivers--md--raid456.ko-entry_point_false-unreach-call.cil.out.i.bpl.bpl.txt,NOK,NOK,555,555,85.78,85.78,TIMED-OUT,TIMED-OUT,0,0
linux-4.0-rc1---drivers--input--touchscreen--elants_i2c.ko_false-unreach-call.cil.i.bpl.bpl.txt,NOK,NOK,466,466,110.14,110.14,TIMED-OUT,TIMED-OUT,0,0
linux-4.2-rc1.tar.xz-32_7a-drivers--net--ethernet--intel--i40evf--i40evf.ko-entry_point_true-unreach-call.cil.out.i.bpl.bpl.txt,TIMEDOUT,TIMEDOUT,0,0,3600.0,3600.0,TIMED-OUT,TIMED-OUT,0,0
linux-4.2-rc1.tar.xz-43_2a-drivers--net--ethernet--ti--tlan.ko-entry_point_true-unreach-call.cil.out.i.bpl.bpl.txt,Inconclusive,Inconclusive,0,0,3600.0,3600.0,TIMED-OUT,TIMED-OUT,0,0
linux-4.2-rc1.tar.xz-08_1a-drivers--media--usb--em28xx--em28xx-dvb.ko-entry_point_true-unreach-call.cil.out.i.bpl.bpl.txt,ReachedBound,ReachedBound,136,136,16.1,16.1,TIMED-OUT,TIMED-OUT,0,0
linux-4.2-rc1.tar.xz-32_7a-drivers--net--wireless--ipw2x00--ipw2100.ko-entry_point_true-unreach-call.cil.out.i.bpl.bpl.txt,TIMEDOUT,TIMEDOUT,0,0,3600.0,3600.0,TIMED-OUT,TIMED-OUT,0,0
linux-3.12-rc1.tar.xz-144_2a-drivers--media--usb--cx231xx--cx231xx.ko-entry_point_false-unreach-call.cil.out.i.bpl.bpl.txt,TIMEDOUT,TIMEDOUT,0,0,3600.0,3600.0,TIMED-OUT,TIMED-OUT,0,0
205_9a_array_unsafes_linux-3.16-rc1.tar.xz-205_9a-drivers--net--wireless--rsi--rsi_91x.ko-entry_point_false-unreach-call.cil.out.i.bpl.bpl.txt,NOK,NOK,154,154,2091.98,2091.98,TIMED-OUT,TIMED-OUT,0,0
linux-3.12-rc1.tar.xz-144_2a-drivers--media--usb--stk1160--stk1160.ko-entry_point_false-unreach-call.cil.out.i.bpl.bpl.txt,TIMEDOUT,TIMEDOUT,0,0,3600.0,3600.0,TIMED-OUT,TIMED-OUT,0,0
205_9a_array_unsafes_linux-3.16-rc1.tar.xz-205_9a-drivers--net--wireless--rtlwifi--rtl8192cu--rtl8192cu.ko-entry_point_false-unreach-call.cil.out.i.bpl.bpl.txt,TIMEDOUT,TIMEDOUT,0,0,3600.0,3600.0,TIMED-OUT,TIMED-OUT,0,0
32_7a_cilled_true-unreach-call_linux-3.8-rc1-32_7a-kernel--rcutorture.ko-ldv_main0_sequence_infinite_withcheck_stateful.cil.out.i.bpl.bpl.txt,Inconclusive,Inconclusive,0,0,3600.0,3600.0,TIMED-OUT,TIMED-OUT,0,0
linux-4.0-rc1---drivers--block--virtio_blk.ko_false-unreach-call.cil.i.bpl.bpl.txt,NOK,NOK,438,438,261.58,261.58,TIMED-OUT,TIMED-OUT,0,0
linux-4.0-rc1---drivers--block--skd.ko_false-unreach-call.cil.i.bpl.bpl.txt,TIMEDOUT,TIMEDOUT,0,0,3600.0,3600.0,TIMED-OUT,TIMED-OUT,0,0
linux-3.8-rc1-32_7a-drivers--scsi--osst.ko-ldv_main0_sequence_infinite_withcheck_stateful_true-unreach-call.cil.out.i.bpl.bpl.txt,ReachedBound,ReachedBound,251,251,99.4,99.4,TIMED-OUT,TIMED-OUT,0,0
43_2a_consumption_linux-3.16-rc1.tar.xz-43_2a-drivers--acpi--processor.ko-entry_point_true-unreach-call.cil.out.i.bpl.bpl.txt,ReachedBound,ReachedBound,159,159,929.12,929.12,TIMED-OUT,TIMED-OUT,0,0
43_2a_bitvector_linux-3.16-rc1.tar.xz-43_2a-drivers--usb--gadget--pch_udc.ko-entry_point_false-unreach-call.cil.out.i.bpl.bpl.txt,NOK,NOK,685,685,219.39,219.39,TIMED-OUT,TIMED-OUT,0,0
linux-3.12-rc1.tar.xz-144_2a-drivers--media--usb--stkwebcam--stkwebcam.ko-entry_point_false-unreach-call.cil.out.i.bpl.bpl.txt,NOK,NOK,254,254,325.48,325.48,TIMED-OUT,TIMED-OUT,0,0
linux-4.2-rc1.tar.xz-32_7a-drivers--net--wireless--ipw2x00--ipw2200.ko-entry_point_true-unreach-call.cil.out.i.bpl.bpl.txt,TIMEDOUT,TIMEDOUT,0,0,3600.0,3600.0,TIMED-OUT,TIMED-OUT,0,0
linux-4.2-rc1.tar.xz-43_2a-drivers--net--wireless--zd1211rw--zd1211rw.ko-entry_point_true-unreach-call.cil.out.i.bpl.bpl.txt,TIMEDOUT,TIMEDOUT,0,0,3600.0,3600.0,TIMED-OUT,TIMED-OUT,0,0
32_1_cilled_true-unreach-call_ok_nondet_linux-3.4-32_1-drivers--media--dvb--dvb-usb--dvb-usb-pctv452e.ko-ldv_main0_sequence_infinite_withcheck_stateful.cil.out.i.bpl.bpl.txt,ReachedBound,ReachedBound,88,88,636.54,636.54,TIMED-OUT,TIMED-OUT,0,0
linux-3.12-rc1.tar.xz-144_2a-drivers--input--touchscreen--usbtouchscreen.ko-entry_point_false-unreach-call.cil.out.i.bpl.bpl.txt,TIMEDOUT,TIMEDOUT,0,0,3600.0,3600.0,TIMED-OUT,TIMED-OUT,0,0
32_7a_cilled_true-unreach-call_linux-3.8-rc1-32_7a-drivers--media--tuners--tda18271.ko-ldv_main2_sequence_infinite_withcheck_stateful.cil.out.i.bpl.bpl.txt,ReachedBound,ReachedBound,1836,1836,1457.06,1457.06,TIMED-OUT,TIMED-OUT,0,0
linux-4.2-rc1.tar.xz-32_7a-drivers--hid--hid-roccat-pyra.ko-entry_point_true-unreach-call.cil.out.i.bpl.bpl.txt,ReachedBound,ReachedBound,1039,1039,515.13,515.13,TIMED-OUT,TIMED-OUT,0,0
32_7a_cilled_true-unreach-call_linux-3.8-rc1-32_7a-fs--nfs--nfsv4.ko-ldv_main4_sequence_infinite_withcheck_stateful.cil.out.i.bpl.bpl.txt,TIMEDOUT,TIMEDOUT,0,0,3600.0,3600.0,TIMED-OUT,TIMED-OUT,0,0
linux-4.2-rc1.tar.xz-43_2a-drivers--staging--unisys--visorbus--visorbus.ko-entry_point_true-unreach-call.cil.out.i.bpl.bpl.txt,ReachedBound,ReachedBound,609,609,881.12,881.12,TIMED-OUT,TIMED-OUT,0,0
43_2a_bitvector_linux-3.16-rc1.tar.xz-43_2a-drivers--net--wireless--iwlwifi--iwlwifi.ko-entry_point_false-unreach-call.cil.out.i.bpl.bpl.txt,TIMEDOUT,TIMEDOUT,0,0,3600.0,3600.0,TIMED-OUT,TIMED-OUT,0,0
32_7a_cilled_true-unreach-call_linux-3.8-rc1-drivers--regulator--isl6271a-regulator.ko-main.cil.out.i.bpl.bpl.txt,ReachedBound,ReachedBound,128,128,13.01,13.01,TIMED-OUT,TIMED-OUT,0,0
43_2a_consumption_linux-3.16-rc1.tar.xz-43_2a-drivers--isdn--hardware--mISDN--hfcsusb.ko-entry_point_true-unreach-call.cil.out.i.bpl.bpl.txt,ReachedBound,ReachedBound,122,122,561.85,561.85,TIMED-OUT,TIMED-OUT,0,0
32_7a_cilled_false-unreach-call_linux-3.8-rc1-32_7a-fs--ceph--ceph.ko-ldv_main11_sequence_infinite_withcheck_stateful.cil.out.i.bpl.bpl.txt,TIMEDOUT,TIMEDOUT,0,0,3600.0,3600.0,TIMED-OUT,TIMED-OUT,0,0
linux-3.8-rc1-32_7a-drivers--hwmon--w83793.ko-ldv_main0_true-unreach-call.cil.out.i.bpl.bpl.txt,TIMEDOUT,TIMEDOUT,0,0,3600.0,3600.0,TIMED-OUT,TIMED-OUT,0,0
linux-3.8-rc1-32_7a-drivers--usb--serial--usbserial.ko-ldv_main0_true-unreach-call.cil.out.i.bpl.bpl.txt,TIMEDOUT,TIMEDOUT,0,0,3600.0,3600.0,TIMED-OUT,TIMED-OUT,0,0
linux-4.2-rc1.tar.xz-43_2a-drivers--net--ethernet--atheros--atlx--atl1.ko-entry_point_true-unreach-call.cil.out.i.bpl.bpl.txt,TIMEDOUT,TIMEDOUT,0,0,3600.0,3600.0,TIMED-OUT,TIMED-OUT,0,0
main15_false-unreach-call_drivers-usb-core-usbcore-ko--32_7a--linux-3.7.3.i.bpl.bpl.txt,TIMEDOUT,TIMEDOUT,0,0,3600.0,3600.0,TIMED-OUT,TIMED-OUT,0,0
43_2a_consumption_linux-3.16-rc1.tar.xz-43_2a-net--batman-adv--batman-adv.ko-entry_point_true-unreach-call.cil.out.i.bpl.bpl.txt,TIMEDOUT,TIMEDOUT,0,0,3600.0,3600.0,TIMED-OUT,TIMED-OUT,0,0
linux-4.2-rc1.tar.xz-43_2a-drivers--media--usb--cpia2--cpia2.ko-entry_point_true-unreach-call.cil.out.i.bpl.bpl.txt,TIMEDOUT,TIMEDOUT,0,0,3600.0,3600.0,TIMED-OUT,TIMED-OUT,0,0
linux-4.2-rc1.tar.xz-08_1a-drivers--iio--accel--kxcjk-1013.ko-entry_point_false-unreach-call.cil.out.i.bpl.bpl.txt,NOK,NOK,343,343,53.7,53.7,TIMED-OUT,TIMED-OUT,0,0
32_7a_newdeg_true-unreach-call_linux-3.8-rc1-drivers--media--usb--dvb-usb-v2--dvb-usb-mxl111sf.ko-main.cil.out.i.bpl.bpl.txt,ReachedBound,ReachedBound,59,59,95.85,95.85,TIMED-OUT,TIMED-OUT,0,0
linux-4.2-rc1.tar.xz-32_7a-drivers--media--pci--saa7164--saa7164.ko-entry_point_true-unreach-call.cil.out.i.bpl.bpl.txt,TIMEDOUT,TIMEDOUT,0,0,3600.0,3600.0,TIMED-OUT,TIMED-OUT,0,0
43_2a_consumption_linux-3.16-rc1.tar.xz-43_2a-drivers--bluetooth--btmrvl_sdio.ko-entry_point_true-unreach-call.cil.out.i.bpl.bpl.txt,ReachedBound,ReachedBound,92,92,9.48,9.48,TIMED-OUT,TIMED-OUT,0,0
32_7a_cilled_true-unreach-call_linux-3.8-rc1-drivers--block--cciss.ko-main.cil.out.i.bpl.bpl.txt,Inconclusive,Inconclusive,0,0,3600.0,3600.0,TIMED-OUT,TIMED-OUT,0,0
205_9a_array_unsafes_linux-3.16-rc1.tar.xz-205_9a-drivers--net--ethernet--marvell--sky2.ko-entry_point_true-unreach-call.cil.out.i.bpl.bpl.txt,TIMEDOUT,TIMEDOUT,0,0,3600.0,3600.0,TIMED-OUT,TIMED-OUT,0,0
32_7a_cilled_false-unreach-call_linux-3.8-rc1-32_7a-drivers--mmc--host--vub300.ko-ldv_main0_sequence_infinite_withcheck_stateful.cil.out.i.bpl.bpl.txt,ReachedBound,ReachedBound,465,465,225.26,225.26,TIMED-OUT,TIMED-OUT,0,0
linux-4.0-rc1---drivers--staging--ozwpan--ozwpan.ko_false-unreach-call.cil.i.bpl.bpl.txt,TIMEDOUT,TIMEDOUT,0,0,3600.0,3600.0,TIMED-OUT,TIMED-OUT,0,0
32_7a_cilled_true-unreach-call_linux-3.8-rc1-32_7a-drivers--block--cciss.ko-ldv_main0_sequence_infinite_withcheck_stateful.cil.out.i.bpl.bpl.txt,Inconclusive,Inconclusive,0,0,3600.0,3600.0,TIMED-OUT,TIMED-OUT,0,0
205_9a_array_safes_linux-3.16-rc1.tar.xz-205_9a-drivers--net--arcnet--arc-rawmode.ko-entry_point_true-unreach-call.cil.out.i.bpl.bpl.txt,ReachedBound,ReachedBound,89,89,47.11,47.11,TIMED-OUT,TIMED-OUT,0,0
main0_false-unreach-call_drivers-net-wireless-ath-carl9170-carl9170-ko--32_7a--8a9f335-1.i.bpl.bpl.txt,TIMEDOUT,TIMEDOUT,0,0,3600.0,3600.0,TIMED-OUT,TIMED-OUT,0,0
linux-4.2-rc1.tar.xz-43_2a-drivers--net--wireless--iwlegacy--iwl3945.ko-entry_point_true-unreach-call.cil.out.i.bpl.bpl.txt,TIMEDOUT,TIMEDOUT,0,0,3600.0,3600.0,TIMED-OUT,TIMED-OUT,0,0
linux-4.2-rc1.tar.xz-43_2a-drivers--net--ethernet--renesas--sh_eth.ko-entry_point_true-unreach-call.cil.out.i.bpl.bpl.txt,TIMEDOUT,TIMEDOUT,0,0,3600.0,3600.0,TIMED-OUT,TIMED-OUT,0,0
205_9a_array_unsafes_linux-3.16-rc1.tar.xz-205_9a-drivers--net--wireless--rtlwifi--rtl8723be--rtl8723be.ko-entry_point_false-unreach-call.cil.out.i.bpl.bpl.txt,TIMEDOUT,TIMEDOUT,0,0,3600.0,3600.0,TIMED-OUT,TIMED-OUT,0,0
32_7a_cilled_false-unreach-call_linux-3.8-rc1-32_7a-fs--hfs--hfs.ko-ldv_main6_sequence_infinite_withcheck_stateful.cil.out.i.bpl.bpl.txt,NOK,NOK,241,241,2711.99,2711.99,TIMED-OUT,TIMED-OUT,0,0
linux-4.2-rc1.tar.xz-32_7a-drivers--net--wireless--mwifiex--mwifiex.ko-entry_point_true-unreach-call.cil.out.i.bpl.bpl.txt,NOK,NOK,195,195,151.57,151.57,TIMED-OUT,TIMED-OUT,0,0
linux-4.2-rc1.tar.xz-43_2a-drivers--scsi--be2iscsi--be2iscsi.ko-entry_point_true-unreach-call.cil.out.i.bpl.bpl.txt,NOK,NOK,97,97,70.31,70.31,TIMED-OUT,TIMED-OUT,0,0
linux-4.2-rc1.tar.xz-43_2a-drivers--usb--host--xhci-hcd.ko-entry_point_true-unreach-call.cil.out.i.bpl.bpl.txt,TIMEDOUT,TIMEDOUT,0,0,3600.0,3600.0,TIMED-OUT,TIMED-OUT,0,0
linux-3.8-rc1-32_7a-drivers--media--dvb-frontends--stv090x.ko-ldv_main0_sequence_infinite_withcheck_stateful_true-unreach-call.cil.out.i.bpl.bpl.txt,NOK,NOK,1128,1128,715.55,715.55,TIMED-OUT,TIMED-OUT,0,0
linux-4.0-rc1---drivers--usb--misc--yurex.ko_false-unreach-call.cil.i.bpl.bpl.txt,NOK,NOK,154,154,20.82,20.82,TIMED-OUT,TIMED-OUT,0,0
linux-4.0-rc1---drivers--net--can--janz-ican3.ko_false-unreach-call.cil.i.bpl.bpl.txt,NOK,NOK,1659,1659,450.55,450.55,TIMED-OUT,TIMED-OUT,0,0
43_2a_bitvector_linux-3.16-rc1.tar.xz-43_2a-drivers--net--ethernet--broadcom--b44.ko-entry_point_true-unreach-call.cil.out.i.bpl.bpl.txt,TIMEDOUT,TIMEDOUT,0,0,3600.0,3600.0,TIMED-OUT,TIMED-OUT,0,0
linux-4.2-rc1.tar.xz-08_1a-drivers--net--ethernet--qlogic--qlge--qlge.ko-entry_point_true-unreach-call.cil.out.i.bpl.bpl.txt,OK,OK,65,65,4.81,4.81,TIMED-OUT,TIMED-OUT,0,0
linux-4.2-rc1.tar.xz-32_7a-drivers--misc--sgi-gru--gru.ko-entry_point_true-unreach-call.cil.out.i.bpl.bpl.txt,ReachedBound,ReachedBound,815,815,2189.62,2189.62,TIMED-OUT,TIMED-OUT,0,0
linux-4.2-rc1.tar.xz-08_1a-drivers--mtd--mtd.ko-entry_point_false-unreach-call.cil.out.i.bpl.bpl.txt,NOK,NOK,769,769,1989.49,1989.49,TIMED-OUT,TIMED-OUT,0,0
205_9a_array_unsafes_linux-3.16-rc1.tar.xz-205_9a-drivers--net--usb--cdc_ncm.ko-entry_point_false-unreach-call.cil.out.i.bpl.bpl.txt,NOK,NOK,329,329,845.1,845.1,TIMED-OUT,TIMED-OUT,0,0
linux-4.2-rc1.tar.xz-43_2a-drivers--block--DAC960.ko-entry_point_true-unreach-call.cil.out.i.bpl.bpl.txt,TIMEDOUT,TIMEDOUT,0,0,3600.0,3600.0,TIMED-OUT,TIMED-OUT,0,0
linux-4.2-rc1.tar.xz-43_2a-drivers--net--ethernet--sis--sis900.ko-entry_point_true-unreach-call.cil.out.i.bpl.bpl.txt,ReachedBound,ReachedBound,6097,6097,398.19,398.19,TIMED-OUT,TIMED-OUT,0,0
linux-4.2-rc1.tar.xz-43_2a-drivers--usb--storage--uas.ko-entry_point_true-unreach-call.cil.out.i.bpl.bpl.txt,ReachedBound,ReachedBound,201,201,51.4,51.4,TIMED-OUT,TIMED-OUT,0,0
205_9a_array_unsafes_linux-3.16-rc1.tar.xz-205_9a-drivers--net--wireless--rtl818x--rtl8180--rtl818x_pci.ko-entry_point_false-unreach-call.cil.out.i.bpl.bpl.txt,NOK,NOK,196,196,264.02,264.02,TIMED-OUT,TIMED-OUT,0,0
linux-4.2-rc1.tar.xz-32_7a-drivers--scsi--hpsa.ko-entry_point_true-unreach-call.cil.out.i.bpl.bpl.txt,ReachedBound,ReachedBound,1991,1991,2636.04,2636.04,TIMED-OUT,TIMED-OUT,0,0
32_7_cilled_false-unreach-call_const_ok_linux-32_1-drivers--isdn--capi--kernelcapi.ko-ldv_main3_sequence_infinite_withcheck_stateful.cil.out.i.bpl.bpl.txt,TIMEDOUT,TIMEDOUT,0,0,3600.0,3600.0,TIMED-OUT,TIMED-OUT,0,0
32_7a_cilled_false-unreach-call_linux-3.8-rc1-32_7a-drivers--ata--libata.ko-ldv_main4_sequence_infinite_withcheck_stateful.cil.out.i.bpl.bpl.txt,TIMEDOUT,TIMEDOUT,0,0,3600.0,3600.0,TIMED-OUT,TIMED-OUT,0,0
main0_true-unreach-call_drivers-media-video-tlg2300-poseidon-ko--32_7a--4a349aa.i.bpl.bpl.txt,TIMEDOUT,TIMEDOUT,0,0,3600.0,3600.0,TIMED-OUT,TIMED-OUT,0,0
linux-3.12-rc1.tar.xz-144_2a-drivers--net--wireless--rtlwifi--rtl8192se--rtl8192se.ko-entry_point_true-unreach-call.cil.out.i.bpl.bpl.txt,OK,OK,100,100,7.03,7.03,TIMED-OUT,TIMED-OUT,0,0
linux-4.2-rc1.tar.xz-08_1a-drivers--net--ethernet--cavium--liquidio--liquidio.ko-entry_point_true-unreach-call.cil.out.i.bpl.bpl.txt,TIMEDOUT,TIMEDOUT,0,0,3600.0,3600.0,TIMED-OUT,TIMED-OUT,0,0
linux-4.0-rc1---drivers--usb--misc--iowarrior.ko_false-unreach-call.cil.i.bpl.bpl.txt,NOK,NOK,673,673,690.01,690.01,TIMED-OUT,TIMED-OUT,0,0
linux-4.0-rc1---drivers--char--ipmi--ipmi_msghandler.ko_true-unreach-call.cil.i.bpl.bpl.txt,NOK,NOK,127,127,2527.58,2527.58,TIMED-OUT,TIMED-OUT,0,0
linux-4.2-rc1.tar.xz-43_2a-drivers--media--usb--s2255--s2255drv.ko-entry_point_true-unreach-call.cil.out.i.bpl.bpl.txt,ReachedBound,ReachedBound,1077,1077,2047.9,2047.9,TIMED-OUT,TIMED-OUT,0,0
205_9a_array_safes_linux-3.16-rc1.tar.xz-205_9a-drivers--net--can--sja1000--sja1000.ko-entry_point_true-unreach-call.cil.out.i.bpl.bpl.txt,ReachedBound,ReachedBound,67,67,6.42,6.42,TIMED-OUT,TIMED-OUT,0,0
linux-4.2-rc1.tar.xz-43_2a-drivers--input--mouse--psmouse.ko-entry_point_true-unreach-call.cil.out.i.bpl.bpl.txt,TIMEDOUT,TIMEDOUT,0,0,3600.0,3600.0,TIMED-OUT,TIMED-OUT,0,0
linux-3.8-rc1-32_7a-drivers--scsi--mpt2sas--mpt2sas.ko-ldv_main4_sequence_infinite_withcheck_stateful_true-unreach-call.cil.out.i.bpl.bpl.txt,TIMEDOUT,TIMEDOUT,0,0,3600.0,3600.0,TIMED-OUT,TIMED-OUT,0,0
linux-4.2-rc1.tar.xz-43_2a-drivers--net--ethernet--realtek--r8169.ko-entry_point_true-unreach-call.cil.out.i.bpl.bpl.txt,TIMEDOUT,TIMEDOUT,0,0,3600.0,3600.0,TIMED-OUT,TIMED-OUT,0,0
linux-4.2-rc1.tar.xz-43_2a-drivers--net--wireless--rtlwifi--rtl8723ae--rtl8723ae.ko-entry_point_true-unreach-call.cil.out.i.bpl.bpl.txt,TIMEDOUT,TIMEDOUT,0,0,3600.0,3600.0,TIMED-OUT,TIMED-OUT,0,0
43_2a_consumption_linux-3.16-rc1.tar.xz-43_2a-drivers--net--ethernet--qlogic--netxen--netxen_nic.ko-entry_point_true-unreach-call.cil.out.i.bpl.bpl.txt,TIMEDOUT,TIMEDOUT,0,0,3600.0,3600.0,TIMED-OUT,TIMED-OUT,0,0
linux-stable-42f9f8d-1-111_1a-sound--oss--opl3.ko-entry_point_ldv-val-v0.8_false-unreach-call.cil.out.i.bpl.bpl.txt,Inconclusive,Inconclusive,0,0,3600.0,3600.0,TIMED-OUT,TIMED-OUT,0,0
