Name,recursionBound/UW_rec3_Outcome,recursionBound/rec3_Outcome,recursionBound/rec5_Outcome,recursionBound/rec10_Outcome,recursionBound/rec15_Outcome,recursionBound/rec20_Outcome,recursionBound/UW_rec3_InlinedProcedures,recursionBound/rec3_InlinedProcedures,recursionBound/rec5_InlinedProcedures,recursionBound/rec10_InlinedProcedures,recursionBound/rec15_InlinedProcedures,recursionBound/rec20_InlinedProcedures,recursionBound/UW_rec3_Runtime,recursionBound/rec3_Runtime,recursionBound/rec5_Runtime,recursionBound/rec10_Runtime,recursionBound/rec15_Runtime,recursionBound/rec20_Runtime,Who_Performed_Better,How_Much_Percentage,min(recusrion setting)_RunTime,Run number
linux-4.2-rc1.tar.xz-43_2a-drivers--net--ethernet--realtek--r8169.ko-entry_point_true-unreach-call.cil.out.i.bpl.bpl.txt,Inconclusive,TIMEDOUT,TIMEDOUT,TIMEDOUT,TIMEDOUT,TIMEDOUT,0,0,0,0,0,0,3600.0,3600.0,3600.0,3600.0,3600.0,3600.0,recursionBound/UW_rec3,0.0,3600,Run1
linux-4.2-rc1.tar.xz-32_7a-drivers--scsi--st.ko-entry_point_true-unreach-call.cil.out.i.bpl.bpl.txt,ReachedBound,ReachedBound,TIMEDOUT,TIMEDOUT,TIMEDOUT,TIMEDOUT,1812,851,0,0,0,0,850.86,380.39,3600.0,3600.0,3600.0,3600.0,recursionBound/rec3,123.680959015747,850.86,Run1
linux-4.2-rc1.tar.xz-32_7a-drivers--input--touchscreen--tsc2005.ko-entry_point_true-unreach-call.cil.out.i.bpl.bpl.txt,ReachedBound,ReachedBound,TIMEDOUT,TIMEDOUT,TIMEDOUT,TIMEDOUT,1950,360,0,0,0,0,1436.5,203.76,3600.0,3600.0,3600.0,3600.0,recursionBound/rec3,604.9960738123283,1436.5,Run1
linux-4.0-rc1---drivers--gpu--drm--ast--ast.ko_false-unreach-call.cil.i.bpl.bpl.txt,TIMEDOUT,NOK,NOK,NOK,NOK,NOK,0,166,170,180,190,196,3600.0,930.38,1040.35,1059.09,1657.11,1755.27,recursionBound/rec3,11.819901545605012,1040.35,Run1
linux-4.2-rc1.tar.xz-32_7a-drivers--scsi--3w-9xxx.ko-entry_point_true-unreach-call.cil.out.i.bpl.bpl.txt,TIMEDOUT,TIMEDOUT,TIMEDOUT,TIMEDOUT,TIMEDOUT,TIMEDOUT,0,0,0,0,0,0,3600.0,3600.0,3600.0,3600.0,3600.0,3600.0,NONE,NA,3600,Run1
32_7a_cilled_true-unreach-call_linux-3.8-rc1-drivers--net--ethernet--qlogic--qlge--qlge.ko-main.cil.out.i.bpl.bpl.txt,TIMEDOUT,TIMEDOUT,TIMEDOUT,TIMEDOUT,TIMEDOUT,TIMEDOUT,0,0,0,0,0,0,3600.0,3600.0,3600.0,3600.0,3600.0,3600.0,NONE,NA,3600,Run1
linux-4.0-rc1---drivers--media--usb--gspca--gspca_main.ko_false-unreach-call.cil.i.bpl.bpl.txt,NOK,NOK,NOK,NOK,NOK,NOK,1463,240,240,240,240,240,42.44,383.09,390.02,437.49,443.25,463.44,recursionBound/UW_rec3,802.6625824693685,42.44,Run1
32_7a_cilled_false-unreach-call_linux-3.8-rc1-drivers--gpu--drm--vmwgfx--vmwgfx.ko-main.cil.out.i.bpl.bpl.txt,TIMEDOUT,TIMEDOUT,TIMEDOUT,TIMEDOUT,TIMEDOUT,TIMEDOUT,0,0,0,0,0,0,3600.0,3600.0,3600.0,3600.0,3600.0,3600.0,NONE,NA,3600,Run1
205_9a_array_unsafes_linux-3.16-rc1.tar.xz-205_9a-drivers--net--ethernet--intel--igbvf--igbvf.ko-entry_point_true-unreach-call.cil.out.i.bpl.bpl.txt,TIMEDOUT,TIMEDOUT,TIMEDOUT,TIMEDOUT,TIMEDOUT,TIMEDOUT,0,0,0,0,0,0,3600.0,3600.0,3600.0,3600.0,3600.0,3600.0,NONE,NA,3600,Run1
linux-4.2-rc1.tar.xz-32_7a-drivers--net--wireless--prism54--prism54.ko-entry_point_true-unreach-call.cil.out.i.bpl.bpl.txt,ReachedBound,TIMEDOUT,TIMEDOUT,TIMEDOUT,TIMEDOUT,TIMEDOUT,11338,0,0,0,0,0,1497.31,3600.0,3600.0,3600.0,3600.0,3600.0,recursionBound/UW_rec3,140.43117323733898,1497.31,Run1
32_7a_cilled_true-unreach-call_linux-3.8-rc1-32_7a-drivers--scsi--aic7xxx_old.ko-ldv_main0_sequence_infinite_withcheck_stateful.cil.out.i.bpl.bpl.txt,NOK,NOK,NOK,NOK,NOK,NOK,84,84,95,116,131,146,2574.91,184.35,213.08,344.98,506.1,733.27,recursionBound/rec3,15.58448603200435,213.08,Run1
linux-4.2-rc1.tar.xz-43_2a-drivers--net--ethernet--ti--tlan.ko-entry_point_true-unreach-call.cil.out.i.bpl.bpl.txt,TIMEDOUT,TIMEDOUT,TIMEDOUT,TIMEDOUT,TIMEDOUT,TIMEDOUT,0,0,0,0,0,0,3600.0,3600.0,3600.0,3600.0,3600.0,3600.0,NONE,NA,3600,Run1
43_2a_bitvector_linux-3.16-rc1.tar.xz-43_2a-drivers--net--wireless--iwlwifi--iwlwifi.ko-entry_point_false-unreach-call.cil.out.i.bpl.bpl.txt,TIMEDOUT,TIMEDOUT,TIMEDOUT,TIMEDOUT,TIMEDOUT,TIMEDOUT,0,0,0,0,0,0,3600.0,3600.0,3600.0,3600.0,3600.0,3600.0,NONE,NA,3600,Run1
linux-4.2-rc1.tar.xz-43_2a-drivers--net--ethernet--atheros--alx--alx.ko-entry_point_true-unreach-call.cil.out.i.bpl.bpl.txt,TIMEDOUT,TIMEDOUT,TIMEDOUT,TIMEDOUT,TIMEDOUT,TIMEDOUT,0,0,0,0,0,0,3600.0,3600.0,3600.0,3600.0,3600.0,3600.0,NONE,NA,3600,Run1
43_1a_cilled_false-unreach-call_ok_linux-43_1a-drivers--net--wireless--orinoco--orinoco_usb.ko-ldv_main0_sequence_infinite_withcheck_stateful.cil.out.i.bpl.bpl.txt,NOK,NOK,NOK,NOK,NOK,NOK,945,630,630,630,630,630,13.91,167.41,169.0,173.34,171.82,175.09,recursionBound/UW_rec3,1103.5226455787204,13.91,Run1
linux-4.2-rc1.tar.xz-32_7a-drivers--scsi--snic--snic.ko-entry_point_true-unreach-call.cil.out.i.bpl.bpl.txt,TIMEDOUT,TIMEDOUT,TIMEDOUT,TIMEDOUT,TIMEDOUT,TIMEDOUT,0,0,0,0,0,0,3600.0,3600.0,3600.0,3600.0,3600.0,3600.0,NONE,NA,3600,Run1
32_7a_cilled_true-unreach-call_linux-3.8-rc1-32_7a-fs--ecryptfs--ecryptfs.ko-ldv_main3_sequence_infinite_withcheck_stateful.cil.out.i.bpl.bpl.txt,ReachedBound,TIMEDOUT,TIMEDOUT,TIMEDOUT,TIMEDOUT,TIMEDOUT,375,0,0,0,0,0,284.4,3600.0,3600.0,3600.0,3600.0,3600.0,recursionBound/UW_rec3,1165.8227848101267,284.4,Run1
32_7_cilled_false-unreach-call_const_ok_linux-32_1-drivers--video--aty--atyfb.ko-ldv_main0_sequence_infinite_withcheck_stateful.cil.out.i.bpl.bpl.txt,TIMEDOUT,NOK,NOK,TIMEDOUT,TIMEDOUT,TIMEDOUT,0,53,75,0,0,0,3600.0,33.64,45.53,3600.0,3600.0,3600.0,recursionBound/rec3,35.3448275862069,45.53,Run1
205_9a_array_unsafes_linux-3.16-rc1.tar.xz-205_9a-drivers--net--ethernet--renesas--sh_eth.ko-entry_point_false-unreach-call.cil.out.i.bpl.bpl.txt,TIMEDOUT,TIMEDOUT,TIMEDOUT,TIMEDOUT,TIMEDOUT,TIMEDOUT,0,0,0,0,0,0,3600.0,3600.0,3600.0,3600.0,3600.0,3600.0,NONE,NA,3600,Run1
linux-4.2-rc1.tar.xz-32_7a-drivers--net--ethernet--chelsio--cxgb3--cxgb3.ko-entry_point_true-unreach-call.cil.out.i.bpl.bpl.txt,TIMEDOUT,TIMEDOUT,TIMEDOUT,TIMEDOUT,TIMEDOUT,TIMEDOUT,0,0,0,0,0,0,3600.0,3600.0,3600.0,3600.0,3600.0,3600.0,NONE,NA,3600,Run1
linux-4.0-rc1---drivers--media--usb--dvb-usb-v2--dvb-usb-mxl111sf.ko_true-unreach-call.cil.i.bpl.bpl.txt,TIMEDOUT,TIMEDOUT,TIMEDOUT,TIMEDOUT,TIMEDOUT,TIMEDOUT,0,0,0,0,0,0,3600.0,3600.0,3600.0,3600.0,3600.0,3600.0,NONE,NA,3600,Run1
32_7a_cilled_true-unreach-call_linux-3.8-rc1-32_7a-drivers--block--paride--pt.ko-ldv_main0_sequence_infinite_withcheck_stateful.cil.out.i.bpl.bpl.txt,ReachedBound,ReachedBound,ReachedBound,ReachedBound,ReachedBound,TIMEDOUT,1022,707,1397,3968,7593,0,34.58,160.24,251.64,599.83,1242.52,3600.0,recursionBound/UW_rec3,363.3892423366108,34.58,Run1
32_7a_cilled_true-unreach-call_linux-3.8-rc1-32_7a-drivers--media--dvb-core--dvb-core.ko-ldv_main5_sequence_infinite_withcheck_stateful.cil.out.i.bpl.bpl.txt,NOK,TIMEDOUT,TIMEDOUT,TIMEDOUT,TIMEDOUT,TIMEDOUT,1135,0,0,0,0,0,353.92,3600.0,3600.0,3600.0,3600.0,3600.0,recursionBound/UW_rec3,917.1790235081374,353.92,Run1
linux-4.2-rc1.tar.xz-32_7a-drivers--media--usb--pvrusb2--pvrusb2.ko-entry_point_true-unreach-call.cil.out.i.bpl.bpl.txt,TIMEDOUT,Inconclusive,Inconclusive,Inconclusive,Inconclusive,Inconclusive,0,0,0,0,0,0,3600.0,3600.0,3600.0,3600.0,3600.0,3600.0,recursionBound/rec3,0.0,3600,Run1
linux-4.2-rc1.tar.xz-43_2a-drivers--infiniband--ulp--isert--ib_isert.ko-entry_point_true-unreach-call.cil.out.i.bpl.bpl.txt,TIMEDOUT,TIMEDOUT,TIMEDOUT,TIMEDOUT,TIMEDOUT,TIMEDOUT,0,0,0,0,0,0,3600.0,3600.0,3600.0,3600.0,3600.0,3600.0,NONE,NA,3600,Run1
linux-4.2-rc1.tar.xz-43_2a-drivers--staging--lustre--lnet--selftest--lnet_selftest.ko-entry_point_true-unreach-call.cil.out.i.bpl.bpl.txt,OK,ReachedBound,ReachedBound,OK,OK,OK,3433,1664,2688,2688,2688,2688,798.97,496.12,817.0,839.64,873.71,882.6,recursionBound/rec3,61.04369910505524,798.97,Run1
linux-3.8-rc1-32_7a-drivers--net--wireless--mwl8k.ko-ldv_main0_false-unreach-call.cil.out.i.bpl.bpl.txt,NOK,NOK,NOK,NOK,NOK,NOK,717,156,156,156,156,156,35.59,731.2,747.28,815.53,885.55,905.25,recursionBound/UW_rec3,1954.5096937341948,35.59,Run1
43_2a_bitvector_linux-3.16-rc1.tar.xz-43_2a-net--unix--unix.ko-entry_point_false-unreach-call.cil.out.i.bpl.bpl.txt,NOK,TIMEDOUT,TIMEDOUT,TIMEDOUT,TIMEDOUT,TIMEDOUT,1833,0,0,0,0,0,446.33,3600.0,3600.0,3600.0,3600.0,3600.0,recursionBound/UW_rec3,706.5780924428113,446.33,Run1
linux-4.2-rc1.tar.xz-08_1a-drivers--media--pci--pt3--earth-pt3.ko-entry_point_false-unreach-call.cil.out.i.bpl.bpl.txt,NOK,NOK,NOK,NOK,NOK,NOK,702,282,282,282,282,282,99.51,1242.4,1237.6,1316.66,1413.9,1429.78,recursionBound/UW_rec3,1148.5177369108633,99.51,Run1
linux-4.2-rc1.tar.xz-32_7a-drivers--net--wireless--mwifiex--mwifiex.ko-entry_point_true-unreach-call.cil.out.i.bpl.bpl.txt,NOK,NOK,NOK,NOK,NOK,NOK,195,195,206,218,218,218,1930.26,281.61,307.0,350.11,356.92,365.45,recursionBound/rec3,9.016015056283507,307.0,Run1
32_7a_cilled_false-unreach-call_linux-3.8-rc1-32_7a-drivers--net--can--softing--softing.ko-ldv_main0_sequence_infinite_withcheck_stateful.cil.out.i.bpl.bpl.txt,NOK,NOK,NOK,NOK,NOK,NOK,1225,76,76,76,76,76,73.29,47.45,50.75,53.55,52.65,53.1,recursionBound/rec3,6.9546891464699625,50.75,Run1
module_get_put-drivers-usb-core-usbcore.ko_false-unreach-call.cil.out.i.bpl.bpl.txt,TIMEDOUT,TIMEDOUT,TIMEDOUT,TIMEDOUT,TIMEDOUT,TIMEDOUT,0,0,0,0,0,0,3600.0,3600.0,3600.0,3600.0,3600.0,3600.0,NONE,NA,3600,Run1
43_2a_consumption_linux-3.16-rc1.tar.xz-43_2a-drivers--net--wireless--ipw2x00--ipw2100.ko-entry_point_true-unreach-call.cil.out.i.bpl.bpl.txt,ReachedBound,TIMEDOUT,TIMEDOUT,TIMEDOUT,TIMEDOUT,TIMEDOUT,1458,0,0,0,0,0,1819.78,3600.0,3600.0,3600.0,3600.0,3600.0,recursionBound/UW_rec3,97.82611084856411,1819.78,Run1
32_7a_cilled_true-unreach-call_linux-3.8-rc1-drivers--usb--host--ohci-hcd.ko-main.cil.out.i.bpl.bpl.txt,ReachedBound,ReachedBound,ReachedBound,TIMEDOUT,TIMEDOUT,TIMEDOUT,3816,131,329,0,0,0,1729.8,559.8,1835.13,3600.0,3600.0,3600.0,recursionBound/rec3,209.0032154340836,1729.8,Run1
linux-stable-90a4845-1-110_1a-drivers--char--ipmi--ipmi_si.ko-entry_point_false-unreach-call.cil.out.i.bpl.bpl.txt,NOK,NOK,NOK,NOK,NOK,NOK,4653,157,157,157,157,157,1127.23,135.34,139.09,143.46,144.91,143.93,recursionBound/rec3,2.7707994680065022,139.09,Run1
linux-4.0-rc1---sound--drivers--vx--snd-vx-lib.ko_true-unreach-call.cil.i.bpl.bpl.txt,TIMEDOUT,TIMEDOUT,TIMEDOUT,TIMEDOUT,TIMEDOUT,TIMEDOUT,0,0,0,0,0,0,3600.0,3600.0,3600.0,3600.0,3600.0,3600.0,NONE,NA,3600,Run1
linux-4.2-rc1.tar.xz-43_2a-drivers--tty--synclink_gt.ko-entry_point_true-unreach-call.cil.out.i.bpl.bpl.txt,TIMEDOUT,TIMEDOUT,TIMEDOUT,TIMEDOUT,TIMEDOUT,TIMEDOUT,0,0,0,0,0,0,3600.0,3600.0,3600.0,3600.0,3600.0,3600.0,NONE,NA,3600,Run1
32_1_cilled_true-unreach-call_ok_nondet_linux-3.4-32_1-drivers--staging--iio--dds--ad9951.ko-ldv_main0_sequence_infinite_withcheck_stateful.cil.out.i.bpl.bpl.txt,ReachedBound,ReachedBound,ReachedBound,ReachedBound,ReachedBound,ReachedBound,170,111,191,391,591,791,2.72,15.15,32.43,93.48,212.24,408.43,recursionBound/UW_rec3,456.985294117647,2.72,Run1
linux-4.2-rc1.tar.xz-43_2a-drivers--atm--idt77252.ko-entry_point_true-unreach-call.cil.out.i.bpl.bpl.txt,NOK,NOK,TIMEDOUT,TIMEDOUT,TIMEDOUT,TIMEDOUT,39,39,0,0,0,0,1135.8,815.6,3600.0,3600.0,3600.0,3600.0,recursionBound/rec3,39.25944090240313,1135.8,Run1
linux-3.12-rc1.tar.xz-08_1a-fs--nfs--nfs.ko-entry_point_false-unreach-call.cil.out.i.bpl.bpl.txt,TIMEDOUT,TIMEDOUT,TIMEDOUT,TIMEDOUT,TIMEDOUT,TIMEDOUT,0,0,0,0,0,0,3600.0,3600.0,3600.0,3600.0,3600.0,3600.0,NONE,NA,3600,Run1
205_9a_array_unsafes_linux-3.16-rc1.tar.xz-205_9a-drivers--net--ethernet--atheros--atlx--atl1.ko-entry_point_true-unreach-call.cil.out.i.bpl.bpl.txt,TIMEDOUT,TIMEDOUT,TIMEDOUT,TIMEDOUT,TIMEDOUT,TIMEDOUT,0,0,0,0,0,0,3600.0,3600.0,3600.0,3600.0,3600.0,3600.0,NONE,NA,3600,Run1
linux-4.2-rc1.tar.xz-43_2a-drivers--scsi--hpsa.ko-entry_point_true-unreach-call.cil.out.i.bpl.bpl.txt,TIMEDOUT,TIMEDOUT,TIMEDOUT,TIMEDOUT,TIMEDOUT,TIMEDOUT,0,0,0,0,0,0,3600.0,3600.0,3600.0,3600.0,3600.0,3600.0,NONE,NA,3600,Run1
linux-3.8-rc1-32_7a-drivers--input--misc--uinput.ko-ldv_main0_true-unreach-call.cil.out.i.bpl.bpl.txt,ReachedBound,ReachedBound,ReachedBound,TIMEDOUT,TIMEDOUT,TIMEDOUT,2723,730,1731,0,0,0,518.68,88.73,335.04,3600.0,3600.0,3600.0,recursionBound/rec3,277.5949509748676,335.04,Run1
linux-4.2-rc1.tar.xz-43_2a-drivers--scsi--aic7xxx--aic7xxx.ko-entry_point_true-unreach-call.cil.out.i.bpl.bpl.txt,TIMEDOUT,TIMEDOUT,TIMEDOUT,TIMEDOUT,TIMEDOUT,TIMEDOUT,0,0,0,0,0,0,3600.0,3600.0,3600.0,3600.0,3600.0,3600.0,NONE,NA,3600,Run1
linux-4.0-rc1---drivers--hwmon--applesmc.ko_true-unreach-call.cil.i.bpl.bpl.txt,TIMEDOUT,TIMEDOUT,TIMEDOUT,TIMEDOUT,TIMEDOUT,TIMEDOUT,0,0,0,0,0,0,3600.0,3600.0,3600.0,3600.0,3600.0,3600.0,NONE,NA,3600,Run1
205_9a_array_safes_linux-3.16-rc1.tar.xz-205_9a-drivers--net--can--usb--peak_usb--peak_usb.ko-entry_point_true-unreach-call.cil.out.i.bpl.bpl.txt,TIMEDOUT,TIMEDOUT,TIMEDOUT,TIMEDOUT,TIMEDOUT,TIMEDOUT,0,0,0,0,0,0,3600.0,3600.0,3600.0,3600.0,3600.0,3600.0,NONE,NA,3600,Run1
205_9a_array_unsafes_linux-3.16-rc1.tar.xz-205_9a-drivers--net--wan--hdlc_cisco.ko-entry_point_false-unreach-call.cil.out.i.bpl.bpl.txt,ReachedBound,ReachedBound,ReachedBound,ReachedBound,TIMEDOUT,TIMEDOUT,264,171,400,1170,0,0,6.46,17.1,49.71,369.19,3600.0,3600.0,recursionBound/UW_rec3,164.7058823529412,6.46,Run1
43_2a_bitvector_linux-3.16-rc1.tar.xz-43_2a-drivers--media--platform--timblogiw.ko-entry_point_false-unreach-call.cil.out.i.bpl.bpl.txt,NOK,NOK,NOK,NOK,NOK,NOK,994,281,281,281,281,281,86.67,245.66,246.27,260.04,256.66,259.16,recursionBound/UW_rec3,183.44294450213454,86.67,Run1
linux-4.2-rc1.tar.xz-43_2a-drivers--scsi--st.ko-entry_point_true-unreach-call.cil.out.i.bpl.bpl.txt,TIMEDOUT,TIMEDOUT,TIMEDOUT,TIMEDOUT,TIMEDOUT,TIMEDOUT,0,0,0,0,0,0,3600.0,3600.0,3600.0,3600.0,3600.0,3600.0,NONE,NA,3600,Run1
linux-4.2-rc1.tar.xz-43_2a-drivers--usb--host--xhci-hcd.ko-entry_point_true-unreach-call.cil.out.i.bpl.bpl.txt,TIMEDOUT,TIMEDOUT,TIMEDOUT,TIMEDOUT,TIMEDOUT,TIMEDOUT,0,0,0,0,0,0,3600.0,3600.0,3600.0,3600.0,3600.0,3600.0,NONE,NA,3600,Run1
43_2a_consumption_linux-3.16-rc1.tar.xz-43_2a-drivers--input--gameport--ns558.ko-entry_point_true-unreach-call.cil.out.i.bpl.bpl.txt,NOK,NOK,NOK,NOK,NOK,NOK,4,4,4,4,4,4,1501.16,1474.8,1449.0,1520.67,1538.13,1557.47,recursionBound/rec5,1.7805383022774297,1449.0,Run1
linux-3.8-rc1-32_7a-drivers--usb--core--usbcore.ko-ldv_main1_sequence_infinite_withcheck_stateful_true-unreach-call.cil.out.i.bpl.bpl.txt,TIMEDOUT,TIMEDOUT,TIMEDOUT,TIMEDOUT,TIMEDOUT,TIMEDOUT,0,0,0,0,0,0,3600.0,3600.0,3600.0,3600.0,3600.0,3600.0,NONE,NA,3600,Run1
linux-4.0-rc1---drivers--block--nvme.ko_false-unreach-call.cil.i.bpl.bpl.txt,NOK,NOK,NOK,NOK,NOK,NOK,1165,450,450,450,450,450,56.73,761.33,763.13,797.16,814.01,817.37,recursionBound/UW_rec3,1242.0236206592633,56.73,Run1
32_7a_cilled_true-unreach-call_linux-3.8-rc1-32_7a-drivers--media--tuners--tda18271.ko-ldv_main2_sequence_infinite_withcheck_stateful.cil.out.i.bpl.bpl.txt,ReachedBound,ReachedBound,TIMEDOUT,TIMEDOUT,TIMEDOUT,TIMEDOUT,4693,1836,0,0,0,0,509.3,2313.37,3600.0,3600.0,3600.0,3600.0,recursionBound/UW_rec3,354.2254074219517,509.3,Run1
32_7a_cilled_true-unreach-call_linux-3.8-rc1-32_7a-drivers--pcmcia--pcmcia.ko-ldv_main2_sequence_infinite_withcheck_stateful.cil.out.i.bpl.bpl.txt,TIMEDOUT,TIMEDOUT,TIMEDOUT,TIMEDOUT,TIMEDOUT,TIMEDOUT,0,0,0,0,0,0,3600.0,3600.0,3600.0,3600.0,3600.0,3600.0,NONE,NA,3600,Run1
linux-4.0-rc1---drivers--char--ipmi--ipmi_msghandler.ko_true-unreach-call.cil.i.bpl.bpl.txt,TIMEDOUT,TIMEDOUT,TIMEDOUT,TIMEDOUT,TIMEDOUT,TIMEDOUT,0,0,0,0,0,0,3600.0,3600.0,3600.0,3600.0,3600.0,3600.0,NONE,NA,3600,Run1
linux-4.2-rc1.tar.xz-08_1a-drivers--media--usb--dvb-usb--dvb-usb-cxusb.ko-entry_point_false-unreach-call.cil.out.i.bpl.bpl.txt,TIMEDOUT,TIMEDOUT,TIMEDOUT,TIMEDOUT,TIMEDOUT,TIMEDOUT,0,0,0,0,0,0,3600.0,3600.0,3600.0,3600.0,3600.0,3600.0,NONE,NA,3600,Run1
linux-4.2-rc1.tar.xz-32_7a-drivers--md--dm-raid.ko-entry_point_false-unreach-call.cil.out.i.bpl.bpl.txt,ReachedBound,ReachedBound,ReachedBound,ReachedBound,ReachedBound,ReachedBound,451,138,162,222,282,342,45.66,12.38,29.24,158.85,641.04,1693.52,recursionBound/rec3,136.18739903069465,29.24,Run1
linux-4.2-rc1.tar.xz-08_1a-drivers--net--wireless--ipw2x00--ipw2100.ko-entry_point_true-unreach-call.cil.out.i.bpl.bpl.txt,OK,OK,OK,OK,OK,OK,602,183,183,183,183,183,42.99,18.06,18.75,19.15,19.17,19.78,recursionBound/rec3,3.8205980066445258,18.75,Run1
