Name,OR_OutCome,UW_Outcome,OR_TotalSplits,UW_TotalSplits,OR_RunTime,UW_RunTime,Who Performed Better,By How Much Percentage,UW TimedOut but not OR,OR TimedOut but not UW
usbccgp_pendedcompletedrequest3_0.bpl.bpl.txt,NOK,NOK,21,18,9.991954,7.314712999999999,UW,36.600766154461574,0,0
61883_removelockreleasepnp_0.bpl.bpl.txt,TIMEDOUT,TIMEDOUT,130,1020,3598.352876,3598.157681,TIMED-OUT,TIMED-OUT,0,0
sys_completerequest_6.bpl.bpl.txt,NOK,NOK,36,48,31.315161999999997,60.76731,OR,94.05076045910286,0,0
filter_iobuilddevicecontrolnofree_0.bpl.bpl.txt,OK,TIMEDOUT,108,637,300.931232,3598.24399,OR,1095.7030734516782,1,0
sbp2port_irqlkesetevent_0.bpl.bpl.txt,TIMEDOUT,TIMEDOUT,230,1355,3597.143096,3597.099201,TIMED-OUT,TIMED-OUT,0,0
61883_ioreuseirp_1.bpl.bpl.txt,NOK,NOK,21,49,13.886470999999998,62.051610999999994,OR,346.84939031666147,0,0
cyyport_pagedcode_0.bpl.bpl.txt,OK,TIMEDOUT,101,1191,185.09245800000002,3598.008119,OR,1843.8977459578605,1,0
mouclass_completerequest_1.bpl.bpl.txt,OK,OK,73,410,87.788049,1360.016538,OR,1449.204650851735,0,0
mouser_removelockreleasecreate_0.bpl.bpl.txt,TIMEDOUT,NOK,269,234,3598.715784,391.62425499999995,UW,818.9205566442764,0,1
avc_pagedcode_1.bpl.bpl.txt,OK,OK,72,204,71.192767,328.678925,OR,361.67460382597574,0,0
1394diag_pendedcompletedrequest2_0.bpl.bpl.txt,OK,TIMEDOUT,301,509,1113.221409,3598.495893,OR,223.25069064495503,1,0
avc_ioreuseirp_1.bpl.bpl.txt,NOK,TIMEDOUT,146,703,157.245311,3597.93612,OR,2188.1039168156817,1,0
serial_irqlkedispatchlte_0.bpl.bpl.txt,NOK,TIMEDOUT,556,1136,1001.473892,3597.999196,OR,259.2703938406814,1,0
sbp2port_irqliopassive1_0.bpl.bpl.txt,NOK,NOK,40,205,104.833402,296.671473,OR,182.9932705990024,0,0
sbp2port_deletedevice_0.bpl.bpl.txt,OK,OK,60,741,102.918397,1576.050784,OR,1431.3596304847229,0,0
kbdclass_removelockmnsurpriseremove_0.bpl.bpl.txt,TIMEDOUT,TIMEDOUT,492,1499,3598.541121,3598.445247,TIMED-OUT,TIMED-OUT,0,0
61883_markirppending_0.bpl.bpl.txt,TIMEDOUT,TIMEDOUT,336,800,3597.956611,3597.868433,TIMED-OUT,TIMED-OUT,0,0
mouclass_multremovelock_1.bpl.bpl.txt,NOK,NOK,101,162,137.50652100000002,209.97522899999998,OR,52.702015492050705,0,0
daytona_completerequeststatuscheck_0.bpl.bpl.txt,OK,TIMEDOUT,131,2221,201.86358,3598.200835,OR,1682.4913414296923,1,0
hw_pagedcode_0.bpl.bpl.txt,OK,TIMEDOUT,488,2064,893.789863,3597.710389,OR,302.5230692284099,1,0
kbdclass_nsremovelockmnsurpriseremove_0.bpl.bpl.txt,TIMEDOUT,TIMEDOUT,2310,1357,3598.571039,3598.588807,TIMED-OUT,TIMED-OUT,0,0
61883_irqlkereleasespinlock_1.bpl.bpl.txt,TIMEDOUT,TIMEDOUT,2406,1593,3598.029494,3597.965321,TIMED-OUT,TIMED-OUT,0,0
61883_removelockrelease2_1.bpl.bpl.txt,TIMEDOUT,TIMEDOUT,1037,1039,3597.378221,3597.642509,TIMED-OUT,TIMED-OUT,0,0
daytona_removelockrelease2_1.bpl.bpl.txt,NOK,NOK,85,94,88.11917199999999,96.688302,OR,9.724478573175883,0,0
sbp2port_signaleventincompletion_0.bpl.bpl.txt,NOK,NOK,56,45,53.42383,28.699239000000002,UW,86.1506850408124,0,0
61883_pendedcompletedrequest_1.bpl.bpl.txt,NOK,NOK,25,38,11.832170999999999,33.377586,OR,182.09181561016996,0,0
mouser_iobuilddevicecontrolwait_0.bpl.bpl.txt,OK,TIMEDOUT,141,2336,198.491865,3598.482373,OR,1712.9117649229606,1,0
61883_removelock_1.bpl.bpl.txt,TIMEDOUT,TIMEDOUT,518,928,3597.943127,3597.634642,TIMED-OUT,TIMED-OUT,0,0
61883_markirppending_1.bpl.bpl.txt,TIMEDOUT,TIMEDOUT,338,789,3596.133536,3597.922659,TIMED-OUT,TIMED-OUT,0,0
sbp2port_ioallocateirpsignaleventincompletion_0.bpl.bpl.txt,TIMEDOUT,NOK,1936,201,3597.871334,494.886726,UW,627.0090598469598,0,1
mouser_multremovelock_1.bpl.bpl.txt,NOK,NOK,32,28,11.923311,7.507364000000001,UW,58.821538425471296,0,0
mouser_iobuilddeviceiocontrolsetevent_1.bpl.bpl.txt,NOK,NOK,21,26,8.25797,5.699595,UW,44.88696126654613,0,0
sys_removelockmnsurpriseremove_0.bpl.bpl.txt,NOK,NOK,137,54,178.447964,74.909125,UW,138.2192610045839,0,0
serial_pendedcompletedrequest3_0.bpl.bpl.txt,OK,OK,137,619,154.359309,1743.733304,OR,1029.6586615323604,0,0
serial_pendedcompletedrequest3_1.bpl.bpl.txt,NOK,NOK,105,26,103.17367700000001,24.656346,UW,318.4467438930327,0,0
61883_removelockreleasedevicecontrol_1.bpl.bpl.txt,NOK,NOK,27,61,11.512394,90.445965,OR,685.6399372710836,0,0
mp_removecheck_0.bpl.bpl.txt,OK,OK,12,90,20.11731,105.751253,OR,425.67293042658287,0,0
modem_pendedcompletedrequest_0.bpl.bpl.txt,NOK,TIMEDOUT,75,1059,79.317966,3598.261716,OR,4436.502759034441,1,0
driver_zwregistryopen_1.bpl.bpl.txt,TIMEDOUT,TIMEDOUT,2136,1490,3595.073924,3595.338986,TIMED-OUT,TIMED-OUT,0,0
sys_iobuilddeviceiocontrolsetevent_0.bpl.bpl.txt,TIMEDOUT,TIMEDOUT,2004,933,3598.162232,3598.189577,TIMED-OUT,TIMED-OUT,0,0
driver_irqliopassive5_1.bpl.bpl.txt,OK,OK,1,19,1.8503260000000004,12.567661999999999,OR,579.2133926670217,0,0
usbccgp_removelockreleasepower_0.bpl.bpl.txt,NOK,NOK,24,21,13.740429,14.196877,OR,3.321934125928673,0,0
hw_forwardedatbadirql_0.bpl.bpl.txt,TIMEDOUT,TIMEDOUT,2037,1680,3598.072145,3598.22299,TIMED-OUT,TIMED-OUT,0,0
sys_removelockforwarddevicecontrol2_0.bpl.bpl.txt,OK,OK,6,13,7.1032280000000005,7.099141999999999,UW,0.05755625116389856,0,0
serenum_markirppending_2.bpl.bpl.txt,TIMEDOUT,TIMEDOUT,1607,1224,3598.516246,3598.591366,TIMED-OUT,TIMED-OUT,0,0
sbp2port_completerequest_0.bpl.bpl.txt,NOK,NOK,20,18,9.297831,10.057959,OR,8.175326051850156,0,0
kbdclass_signaleventincompletion_1.bpl.bpl.txt,NOK,NOK,104,51,102.967082,65.38310399999999,UW,57.482706847322554,0,0
ppa3x_removelock_0.bpl.bpl.txt,TIMEDOUT,TIMEDOUT,133,121,3598.430693,3598.44418,TIMED-OUT,TIMED-OUT,0,0
driver_irqlapclte_0.bpl.bpl.txt,OK,OK,1,24,1.5623709999999997,13.574742,OR,768.8552206870202,0,0
sbp2port_pendedcompletedrequest3_0.bpl.bpl.txt,NOK,NOK,21,19,11.975042,9.764788,UW,22.634940973628932,0,0
hw_irpcancelfield_0.bpl.bpl.txt,TIMEDOUT,TIMEDOUT,2011,2360,3598.268603,3597.969469,TIMED-OUT,TIMED-OUT,0,0
usbccgp_lowerdriverreturn_0.bpl.bpl.txt,NOK,NOK,27,161,18.665312999999998,259.12162800000004,OR,1288.2522516498923,0,0
driver_iobuildsynchronousfsdrequestnofree_0.bpl.bpl.txt,NOK,NOK,76,323,81.543096,559.36009,OR,585.9686686411808,0,0
mouser_ioallocateirpsignaleventincompletiontimeout_1.bpl.bpl.txt,OK,TIMEDOUT,166,2380,266.17701,3598.632144,OR,1251.969557400919,1,0
mp_pendedcompletedrequest3_0.bpl.bpl.txt,OK,TIMEDOUT,83,1951,105.876207,3596.458918,OR,3296.8528150994302,1,0
61883_removelockreleasepnp_1.bpl.bpl.txt,TIMEDOUT,TIMEDOUT,157,772,3596.344757,3596.374447,TIMED-OUT,TIMED-OUT,0,0
mp_irqlexpassive_0.bpl.bpl.txt,OK,TIMEDOUT,390,1760,1008.789604,3596.291715,OR,256.49571533451285,1,0
serial_markingqueuedirps_0.bpl.bpl.txt,OK,TIMEDOUT,619,2061,1360.4481680000001,3597.968902,OR,164.46938491522153,1,0
61883_ioallocatecomplete_1.bpl.bpl.txt,NOK,NOK,631,400,911.124159,1123.304902,OR,23.287796828137903,0,0
driver_irqliopassive4_0.bpl.bpl.txt,OK,OK,1,19,1.767992,13.190635,OR,646.0800161991684,0,0
61883_irqlkedispatchlte_0.bpl.bpl.txt,TIMEDOUT,TIMEDOUT,2141,543,3597.641398,3597.501008,TIMED-OUT,TIMED-OUT,0,0
mp_irqlexapclte3_0.bpl.bpl.txt,OK,OK,60,1424,69.531592,2954.706574,OR,4149.444732978356,0,0
kbdclass_nsremovelockmnremove_1.bpl.bpl.txt,TIMEDOUT,TIMEDOUT,2245,1540,3598.547961,3598.263612,TIMED-OUT,TIMED-OUT,0,0
driver_irqlioapclte_2.bpl.bpl.txt,OK,OK,1,22,1.5192830000000002,14.249203,OR,837.8899783647944,0,0
mouser_removelockforward2_1.bpl.bpl.txt,NOK,NOK,30,29,19.420045,15.880839,UW,22.286013982006857,0,0
hw_irqldispatch_0.bpl.bpl.txt,OK,TIMEDOUT,119,2144,187.595977,3597.854601,OR,1817.8740709349008,1,0
kbdclass_forwardedatbadirqlallocate_0.bpl.bpl.txt,NOK,NOK,22,121,16.51079,204.479886,OR,1138.4621571711589,0,0
sys_markirppending_6.bpl.bpl.txt,NOK,NOK,26,19,17.584042,11.021963,UW,59.536391112907936,0,0
serial_pagedcode_0.bpl.bpl.txt,TIMEDOUT,TIMEDOUT,166,1350,3597.78651,3597.794256,TIMED-OUT,TIMED-OUT,0,0
kbdclass_removelockmnsurpriseremove_1.bpl.bpl.txt,NOK,NOK,129,188,185.795908,306.167938,OR,64.78723417310138,0,0
sbp2port_markirppending_0.bpl.bpl.txt,TIMEDOUT,NOK,565,73,3597.352755,108.512763,UW,3215.142528441562,0,1
61883_lowerdriverreturn_0.bpl.bpl.txt,TIMEDOUT,TIMEDOUT,2044,1720,3597.860323,3597.872334,TIMED-OUT,TIMED-OUT,0,0
sbp2port_irqlkedispatchlte_0.bpl.bpl.txt,TIMEDOUT,TIMEDOUT,352,980,3596.908775,3596.817391,TIMED-OUT,TIMED-OUT,0,0
serial_irqlzwpassive_2.bpl.bpl.txt,TIMEDOUT,TIMEDOUT,91,1491,3597.809006,3597.878018,TIMED-OUT,TIMED-OUT,0,0
avc_irqlkesetevent_1.bpl.bpl.txt,TIMEDOUT,TIMEDOUT,2276,1254,3597.993596,3597.770011,TIMED-OUT,TIMED-OUT,0,0
cyzport_markingqueuedirps_0.bpl.bpl.txt,NOK,NOK,43,35,35.784518999999996,27.433207,UW,30.442346751511764,0,0
sbp2port_irqlreturn_0.bpl.bpl.txt,NOK,NOK,30,17,9.312313,12.491508,OR,34.13969225475991,0,0
daytona_removelockreleasepnp_0.bpl.bpl.txt,NOK,NOK,74,120,85.94535599999999,159.648269,OR,85.75555030570821,0,0
61883_completerequeststatuscheck_1.bpl.bpl.txt,NOK,NOK,46,24,42.811934,13.95146,UW,206.8634680528059,0,0
hw_markstartdevice_0.bpl.bpl.txt,NOK,TIMEDOUT,1177,1702,1925.995515,3597.896033,OR,86.8070826218928,1,0
avc_pendedcompletedrequest_0.bpl.bpl.txt,OK,TIMEDOUT,107,2022,145.797996,3597.907478,OR,2367.734520850341,1,0
sbp2port_removelockrelease2_0.bpl.bpl.txt,NOK,NOK,28,21,8.855081,5.816268000000001,UW,52.24678436413176,0,0
winnt_completerequeststatuscheck_0.bpl.bpl.txt,NOK,NOK,26,33,14.700897,28.560296,OR,94.27587309808376,0,0
kbdclass_forwardedatbadirql_0.bpl.bpl.txt,OK,OK,96,447,103.81050599999999,1057.3514329999998,OR,918.5399086678182,0,0
sys_removelockforwarddevicecontrol_0.bpl.bpl.txt,OK,OK,6,14,6.8047509999999996,7.728673,OR,13.577601884330523,0,0
serenum_completerequest_1.bpl.bpl.txt,TIMEDOUT,TIMEDOUT,1309,1710,3598.591486,3598.412727,TIMED-OUT,TIMED-OUT,0,0
kbdclass_forwardedatbadirql_1.bpl.bpl.txt,OK,OK,165,558,206.66108200000002,1316.0362309999998,OR,536.8089328981639,0,0
kbdclass_irqlkedispatchlte_1.bpl.bpl.txt,TIMEDOUT,TIMEDOUT,980,1177,3598.543806,3598.493165,TIMED-OUT,TIMED-OUT,0,0
sys_pendedcompletedrequest3_6.bpl.bpl.txt,OK,TIMEDOUT,86,1283,93.71635,3597.75961,OR,3738.988191494867,1,0
usbprint_ioallocatecomplete_0.bpl.bpl.txt,NOK,NOK,27,30,11.083753,20.317902,OR,83.31247547649248,0,0
avc_lowerdriverreturn_1.bpl.bpl.txt,NOK,TIMEDOUT,200,1256,351.35903,3597.779526,OR,923.9610252794698,1,0
usbprint_completerequest_0.bpl.bpl.txt,NOK,NOK,29,32,15.313401,27.300735,OR,78.28002414355896,0,0
mouser_removelockrelease2_0.bpl.bpl.txt,NOK,NOK,86,187,53.21921,260.412409,OR,389.32032061355295,0,0
partmgr_nsremovelockmnremove_0.bpl.bpl.txt,TIMEDOUT,TIMEDOUT,245,505,3598.423382,3598.571503,TIMED-OUT,TIMED-OUT,0,0
Imapi_markirppending_0.bpl.bpl.txt,TIMEDOUT,TIMEDOUT,356,1822,3598.355346,3598.328354,TIMED-OUT,TIMED-OUT,0,0
serial_irqlzwpassive_0.bpl.bpl.txt,TIMEDOUT,TIMEDOUT,90,1399,3597.809095,3597.927775,TIMED-OUT,TIMED-OUT,0,0
hw_irqlexallocatepool_0.bpl.bpl.txt,OK,TIMEDOUT,1433,2109,3017.6120849999998,3597.695678,OR,19.22326583603937,1,0
daytona_removelock_0.bpl.bpl.txt,NOK,NOK,57,121,61.254633999999996,144.014708,OR,135.1082662578639,0,0
mp_irqlkedispatchlte_0.bpl.bpl.txt,OK,TIMEDOUT,68,2180,89.66592999999999,3596.362378,OR,3910.84601252672,1,0
61883_completerequest_1.bpl.bpl.txt,NOK,NOK,21,35,15.377350999999997,42.429013999999995,OR,175.91887575434808,0,0
61883_forwardedatbadirqlallocate_0.bpl.bpl.txt,OK,TIMEDOUT,33,2168,32.656738,3597.795509,OR,10917.00821741596,1,0
sbp2port_irqlkereleasespinlock_0.bpl.bpl.txt,NOK,NOK,62,99,62.36536300000001,169.487181,OR,171.76492342392038,0,0
avc_markirppending_1.bpl.bpl.txt,TIMEDOUT,TIMEDOUT,1130,1041,3597.982028,3597.6957,TIMED-OUT,TIMED-OUT,0,0
61883_ioallocateirpsignaleventincompletiontimeout_1.bpl.bpl.txt,NOK,NOK,21,37,13.281151,39.768085,OR,199.43251906404797,0,0
61883_ioallocatefree_0.bpl.bpl.txt,TIMEDOUT,TIMEDOUT,1835,1177,3597.589317,3597.786402,TIMED-OUT,TIMED-OUT,0,0
avc_irqlkereleasespinlock_0.bpl.bpl.txt,TIMEDOUT,TIMEDOUT,2221,1038,3597.861743,3597.922063,TIMED-OUT,TIMED-OUT,0,0
partmgr_nsremovelockquerymnremove_0.bpl.bpl.txt,TIMEDOUT,TIMEDOUT,237,224,3598.644805,3596.548317,TIMED-OUT,TIMED-OUT,0,0
sbp2port_irqlkedispatchlte_1.bpl.bpl.txt,TIMEDOUT,TIMEDOUT,882,931,3598.08627,3597.840549,TIMED-OUT,TIMED-OUT,0,0
61883_ioallocateforward_0.bpl.bpl.txt,TIMEDOUT,TIMEDOUT,1883,1077,3597.417025,3597.509631,TIMED-OUT,TIMED-OUT,0,0
modem_irqlkesetevent_0.bpl.bpl.txt,TIMEDOUT,TIMEDOUT,2195,860,3598.115223,3597.904578,TIMED-OUT,TIMED-OUT,0,0
usbccgp_completerequeststatuscheck_0.bpl.bpl.txt,NOK,NOK,25,172,15.943424,289.53788,OR,1716.0332435491898,0,0
61883_removelock_0.bpl.bpl.txt,TIMEDOUT,TIMEDOUT,860,662,3597.707963,3597.447031,TIMED-OUT,TIMED-OUT,0,0
kbdclass_ioallocateirpsignaleventincompletion_1.bpl.bpl.txt,NOK,NOK,34,26,28.594344,20.749086000000002,UW,37.81013775739325,0,0
sbp2port_irqlkeraiselower_0.bpl.bpl.txt,TIMEDOUT,TIMEDOUT,356,1268,3596.98551,3597.070374,TIMED-OUT,TIMED-OUT,0,0
driver_irqlkewaitformutexobject_2.bpl.bpl.txt,OK,OK,11,214,14.629639000000001,706.67569,OR,4730.438331390132,0,0
mouser_ioallocateirpsignaleventincompletiontimeout_0.bpl.bpl.txt,OK,TIMEDOUT,157,2427,270.806508,3598.287181,OR,1228.7299509803508,1,0
sbp2port_doublecompletion_1.bpl.bpl.txt,TIMEDOUT,TIMEDOUT,1994,1299,3597.730093,3597.537812,TIMED-OUT,TIMED-OUT,0,0
mp_irqlkewaitformutexobject_0.bpl.bpl.txt,OK,TIMEDOUT,94,1846,184.798754,3595.919026,OR,1845.856748579593,1,0
usbprint_ioallocateirpsignaleventincompletion_0.bpl.bpl.txt,OK,OK,193,665,257.53339900000003,2069.625721,OR,703.6339088585554,0,0
mouser_removelockreleasepower_1.bpl.bpl.txt,TIMEDOUT,TIMEDOUT,243,1202,3598.656233,3598.654643,TIMED-OUT,TIMED-OUT,0,0
sys_pendedcompletedrequest_0.bpl.bpl.txt,NOK,NOK,46,73,40.384722,83.651128,OR,107.13557963826025,0,0
crcfilter_irqlkedispatchlte_0.bpl.bpl.txt,TIMEDOUT,TIMEDOUT,510,1745,3598.736606,3598.746192,TIMED-OUT,TIMED-OUT,0,0
hw_irqlkedispatchlte_0.bpl.bpl.txt,TIMEDOUT,TIMEDOUT,1907,1482,3597.754938,3597.496021,TIMED-OUT,TIMED-OUT,0,0
mouser_removelockmnsurpriseremove_1.bpl.bpl.txt,TIMEDOUT,TIMEDOUT,648,1132,3598.711198,3598.740857,TIMED-OUT,TIMED-OUT,0,0
hw_irqlkeraiselower_0.bpl.bpl.txt,OK,TIMEDOUT,1221,2101,2202.257939,3597.828824,OR,63.37000131935954,1,0
serenum_markirppending_1.bpl.bpl.txt,TIMEDOUT,TIMEDOUT,803,1410,3598.596471,3598.498009,TIMED-OUT,TIMED-OUT,0,0
kbdclass_removelockreleasepnp_1.bpl.bpl.txt,NOK,NOK,50,144,45.829841,233.112504,OR,408.6478567534197,0,0
serial_zwregistryopen_2.bpl.bpl.txt,OK,TIMEDOUT,194,1659,2229.7082920000003,3597.770566,OR,61.35611007540711,1,0
61883_ioallocatefree_1.bpl.bpl.txt,TIMEDOUT,TIMEDOUT,2230,1177,3595.872001,3597.887395,TIMED-OUT,TIMED-OUT,0,0
sbp2port_spinlocksafe_0.bpl.bpl.txt,NOK,NOK,17,20,8.778422,8.940311,OR,1.844169715240377,0,0
61883_pendedcompletedrequest_0.bpl.bpl.txt,NOK,NOK,25,57,11.763058000000001,64.87113199999999,OR,451.48186806525973,0,0
winnt_markirppending_0.bpl.bpl.txt,NOK,NOK,20,23,11.48996,16.330784,OR,42.1309038499699,0,0
hw_irqliopassive2_0.bpl.bpl.txt,OK,TIMEDOUT,925,2146,1982.322272,3597.633551,OR,81.4858059063365,1,0
sbp2port_irqldispatch_1.bpl.bpl.txt,OK,TIMEDOUT,389,1237,856.953609,3595.817573,OR,319.6046944940283,1,0
parzip_nsremovelockmnremove_0.bpl.bpl.txt,OK,OK,1258,546,2217.530947,1271.184675,UW,74.44601013617476,0,0
sbp2port_irqlkewaitformutexobject_0.bpl.bpl.txt,NOK,NOK,34,62,16.217226,63.47815000000001,OR,291.42421768063167,0,0
winnt_forwardedatbadirql_0.bpl.bpl.txt,TIMEDOUT,TIMEDOUT,2575,1036,3598.505558,3598.414685,TIMED-OUT,TIMED-OUT,0,0
cyzport_irqldispatch_0.bpl.bpl.txt,NOK,NOK,33,45,38.105863,46.241543,OR,21.35020534766527,0,0
Imapi_removelockforwarddevicecontrol2_0.bpl.bpl.txt,TIMEDOUT,TIMEDOUT,174,1647,3598.474971,3598.290271,TIMED-OUT,TIMED-OUT,0,0
sys_removelockreleasedevicecontrol_4.bpl.bpl.txt,OK,OK,6,11,6.6853110000000004,6.919760999999999,OR,3.506942309789311,0,0
61883_irqlkedispatchlte_1.bpl.bpl.txt,TIMEDOUT,TIMEDOUT,269,437,3597.854431,3595.842674,TIMED-OUT,TIMED-OUT,0,0
scsiscan_forwardedatbadirqlallocate_0.bpl.bpl.txt,NOK,NOK,22,33,13.502837,26.527995999999998,OR,96.46238786708304,0,0
crcfilter_irqlkereleasespinlock_0.bpl.bpl.txt,TIMEDOUT,TIMEDOUT,2124,1446,3598.487452,3598.346404,TIMED-OUT,TIMED-OUT,0,0
avc_lowerdriverreturn_0.bpl.bpl.txt,NOK,TIMEDOUT,158,1121,205.40389499999998,3597.857723,OR,1651.601508335565,1,0
driver_irqlzwpassive_1.bpl.bpl.txt,OK,OK,6,50,7.355611999999999,138.732829,OR,1786.0813892848075,0,0
hw_completerequest_0.bpl.bpl.txt,NOK,NOK,95,26,129.980772,21.765762,UW,497.1799746776613,0,0
parzip_nsremovelockmnsurpriseremove_0.bpl.bpl.txt,OK,OK,105,150,124.207447,373.241195,OR,200.49824226722896,0,0
mp_iobuildfsdirpsignaleventincompletiontimeout_0.bpl.bpl.txt,TIMEDOUT,TIMEDOUT,2459,1815,3596.56253,3596.165559,TIMED-OUT,TIMED-OUT,0,0
ppa3x_nsremovelockmnremove_0.bpl.bpl.txt,OK,OK,329,426,509.63753099999997,1036.855669,OR,103.44962957604473,0,0
driver_irqliopassive1_1.bpl.bpl.txt,OK,OK,1,20,1.81101,12.915673000000002,OR,613.1751343173148,0,0
ppa3x_ioallocateirpsignaleventincompletion_0.bpl.bpl.txt,OK,OK,74,215,56.322846,685.538051,OR,1117.1580445348943,0,0
1394vdev_markirppending_0.bpl.bpl.txt,OK,OK,170,210,221.930118,3418.62901,OR,1440.4078728962784,0,0
serial_irqlkesetevent_0.bpl.bpl.txt,NOK,TIMEDOUT,757,1001,1470.221352,3597.79805,OR,144.71131813626386,1,0
cyzport_irqlkesetevent_0.bpl.bpl.txt,NOK,NOK,31,18,27.553139,14.107534000000001,UW,95.307975157104,0,0
61883_markqueryrelations_0.bpl.bpl.txt,TIMEDOUT,TIMEDOUT,2369,1534,3598.430551,3598.300684,TIMED-OUT,TIMED-OUT,0,0
cyzport_irqlkereleasespinlock_0.bpl.bpl.txt,NOK,NOK,149,18,181.511314,11.268457999999999,UW,1510.7910594333316,0,0
hw_irqlreturn_0.bpl.bpl.txt,OK,OK,103,543,160.365202,952.61481,OR,494.02837904946483,0,0
sbp2port_irqlkesetevent_1.bpl.bpl.txt,TIMEDOUT,TIMEDOUT,1171,951,3597.849684,3597.862855,TIMED-OUT,TIMED-OUT,0,0
driver_irqlpspassive_0.bpl.bpl.txt,OK,OK,1,22,1.659096,13.455716,OR,711.0269689035475,0,0
kbdclass_powerdownallocate_1.bpl.bpl.txt,OK,TIMEDOUT,237,1812,555.170448,3598.221976,OR,548.1292347174791,1,0
parzip_completerequest_0.bpl.bpl.txt,TIMEDOUT,TIMEDOUT,487,1309,3598.463651,3598.186789,TIMED-OUT,TIMED-OUT,0,0
61883_irqlexallocatepool_0.bpl.bpl.txt,OK,TIMEDOUT,193,2326,430.75341299999997,3597.836686,OR,735.2427577863441,1,0
serial_irqlexallocatepool_2.bpl.bpl.txt,TIMEDOUT,TIMEDOUT,99,1171,3597.458695,3597.887277,TIMED-OUT,TIMED-OUT,0,0
61883_markqueryrelations_1.bpl.bpl.txt,NOK,NOK,31,30,21.465047,11.086922,UW,93.60690911327778,0,0
modem_markirppending_0.bpl.bpl.txt,NOK,NOK,134,187,119.594116,432.139155,OR,261.33814058210027,0,0
kbdclass_ioallocatefree_1.bpl.bpl.txt,NOK,NOK,27,72,23.925455,99.557866,OR,316.11691815265374,0,0
61883_removelockrelease2_0.bpl.bpl.txt,TIMEDOUT,TIMEDOUT,1733,978,3597.735833,3597.590981,TIMED-OUT,TIMED-OUT,0,0
sbp2port_spinlocksafe_1.bpl.bpl.txt,TIMEDOUT,TIMEDOUT,2123,1799,3597.929155,3595.48516,TIMED-OUT,TIMED-OUT,0,0
tffsport_spinlocksafe_0.bpl.bpl.txt,TIMEDOUT,TIMEDOUT,1472,86,3597.324526,3597.401597,TIMED-OUT,TIMED-OUT,0,0
61883_irqlreturn_1.bpl.bpl.txt,OK,TIMEDOUT,58,2192,54.130621,3597.863401,OR,6546.632413472589,1,0
usbccgp_forwardedatbadirql_0.bpl.bpl.txt,NOK,NOK,53,188,40.534192000000004,304.638163,OR,651.5584941226903,0,0
usbccgp_removelockreleaseinternaldevicecontrol_0.bpl.bpl.txt,NOK,NOK,34,25,17.380649,14.693384,UW,18.288945555360144,0,0
usbccgp_irqlioapclte_0.bpl.bpl.txt,OK,TIMEDOUT,200,1895,260.185487,3597.423537,OR,1282.6380473711818,1,0
61883_forwardedatbadirqlallocate_1.bpl.bpl.txt,OK,TIMEDOUT,80,1806,163.03729800000002,3597.838034,OR,2106.757642659166,1,0
61883_ioreuseirp_0.bpl.bpl.txt,NOK,NOK,29,56,19.133726,82.80469000000001,OR,332.7682438851691,0,0
61883_completerequest_0.bpl.bpl.txt,NOK,NOK,21,42,15.716148,56.456247,OR,259.224455000042,0,0
Imapi_removelockreleasedevicecontrol_0.bpl.bpl.txt,TIMEDOUT,TIMEDOUT,173,1638,3598.538117,3598.561588,TIMED-OUT,TIMED-OUT,0,0
kbdclass_ioallocateirpsignaleventincompletion_0.bpl.bpl.txt,OK,OK,239,1002,356.045763,1981.456548,OR,456.51737891906885,0,0
sys_zwregistryopen_0.bpl.bpl.txt,OK,TIMEDOUT,56,175,2947.80437,3598.689241,OR,22.080327908598637,1,0
avc_irqlkesetevent_0.bpl.bpl.txt,TIMEDOUT,TIMEDOUT,2145,1353,3598.076034,3597.754653,TIMED-OUT,TIMED-OUT,0,0
61883_ioallocateirpsignaleventincompletiontimeout_0.bpl.bpl.txt,NOK,NOK,22,25,14.418900999999998,21.135083,OR,46.57901458647926,0,0
61883_multremovelock_1.bpl.bpl.txt,OK,TIMEDOUT,82,2326,226.42271200000002,3597.510254,OR,1488.8469059587978,1,0
serenum_completerequest_2.bpl.bpl.txt,TIMEDOUT,TIMEDOUT,1458,1281,3598.473298,3598.342565,TIMED-OUT,TIMED-OUT,0,0
sbp2port_pendedcompletedrequest2_1.bpl.bpl.txt,NOK,NOK,20,20,10.148059,15.280514,OR,50.57573078753287,0,0
61883_ioallocateirpsignaleventincompletion_0.bpl.bpl.txt,NOK,NOK,23,51,16.021658000000002,65.743929,OR,310.344104211936,0,0
parzip_removelock_0.bpl.bpl.txt,TIMEDOUT,TIMEDOUT,139,866,3598.493195,3598.242479,TIMED-OUT,TIMED-OUT,0,0
ppa3x_nsremovelockmnsurpriseremove_0.bpl.bpl.txt,OK,OK,110,142,117.091184,259.496709,OR,121.61933984714,0,0
driver_markingqueuedirps_3.bpl.bpl.txt,TIMEDOUT,TIMEDOUT,2372,1871,3596.381006,3596.251838,TIMED-OUT,TIMED-OUT,0,0
61883_completerequeststatuscheck_0.bpl.bpl.txt,NOK,NOK,30,30,19.178405,24.058056,OR,25.443466231941596,0,0
usbccgp_markirppending_0.bpl.bpl.txt,NOK,NOK,23,55,11.280407,110.400411,OR,878.6917351474996,0,0
61883_irqlkereleasespinlock_0.bpl.bpl.txt,NOK,TIMEDOUT,988,1582,1429.106341,3597.421815,OR,151.72527136663234,1,0
daytona_completerequeststatuscheck_1.bpl.bpl.txt,OK,TIMEDOUT,103,2101,150.684762,3597.906719,OR,2287.704417650406,1,0
61883_removelockreleasedevicecontrol_0.bpl.bpl.txt,NOK,NOK,27,57,12.404359,83.732395,OR,575.0239573040413,0,0
driver_irqlobpassive_0.bpl.bpl.txt,OK,OK,1,18,1.6968050000000003,12.613139,OR,643.3464069236004,0,0
flpydisk_irqlexapclte1_1.bpl.bpl.txt,OK,TIMEDOUT,60,1862,718.266666,3598.452717,OR,400.99118994894303,1,0
serial_irqlexallocatepool_0.bpl.bpl.txt,TIMEDOUT,TIMEDOUT,105,1163,3597.798739,3597.876001,TIMED-OUT,TIMED-OUT,0,0
modem_signaleventincompletion_0.bpl.bpl.txt,OK,TIMEDOUT,80,205,69.73348899999999,3597.968749,OR,5059.599498886397,1,0
parport_irqlexallocatepool_0.bpl.bpl.txt,TIMEDOUT,TIMEDOUT,1495,854,3596.979295,3597.000221,TIMED-OUT,TIMED-OUT,0,0
mouser_removelockreleasepnp_1.bpl.bpl.txt,NOK,NOK,36,404,22.457845000000002,954.261678,OR,4149.1239831782605,0,0
serenum_markirppending_0.bpl.bpl.txt,TIMEDOUT,TIMEDOUT,1658,1218,3598.624162,3598.36294,TIMED-OUT,TIMED-OUT,0,0
sbp2port_irqlexallocatepool_0.bpl.bpl.txt,OK,TIMEDOUT,72,1877,232.350078,3597.886834,OR,1448.4767059127048,1,0
daytona_removelockrelease2_0.bpl.bpl.txt,NOK,NOK,93,112,98.22003500000001,124.292952,OR,26.54541611596859,0,0
sbp2port_lowerdriverreturn_1.bpl.bpl.txt,NOK,NOK,39,34,12.880500000000001,10.906782,UW,18.096245070269138,0,0
kbdclass_removelockforward2_1.bpl.bpl.txt,NOK,NOK,74,745,96.60401,1744.5762739999998,OR,1705.9046141045283,0,0
Imapi_removelockrelease2_0.bpl.bpl.txt,TIMEDOUT,TIMEDOUT,343,1663,3598.527603,3598.333725,TIMED-OUT,TIMED-OUT,0,0
mouser_ioallocateirpsignaleventincompletion_1.bpl.bpl.txt,OK,TIMEDOUT,113,2133,215.00129700000002,3598.34873,OR,1573.6404757595483,1,0
serial_irqlkedispatchlte_1.bpl.bpl.txt,TIMEDOUT,TIMEDOUT,1107,1099,3597.972557,3597.68809,TIMED-OUT,TIMED-OUT,0,0
sys_irqlzwpassive_3.bpl.bpl.txt,OK,TIMEDOUT,68,1744,146.832774,3597.839139,OR,2350.2970562961646,1,0
tffsport_spinlockrelease_0.bpl.bpl.txt,TIMEDOUT,TIMEDOUT,1823,709,3597.362859,3597.044638,TIMED-OUT,TIMED-OUT,0,0
mouser_removelockreleasecreate_1.bpl.bpl.txt,TIMEDOUT,NOK,339,257,3598.690152,416.92032,UW,763.1601721882973,0,1
61883_ioallocateirpsignaleventincompletion_1.bpl.bpl.txt,NOK,NOK,21,33,14.660226000000002,35.14629,OR,139.73907359954748,0,0
sbp2port_irqlioapclte_1.bpl.bpl.txt,OK,OK,25,1008,32.1849,1623.7389620000001,OR,4945.033422505586,0,0
mouser_completerequest_0.bpl.bpl.txt,NOK,NOK,201,186,215.640627,581.899891,OR,169.847059478268,0,0
mouser_removelock_0.bpl.bpl.txt,NOK,NOK,38,519,26.402462,1227.884713,OR,4550.644750478194,0,0
modem_ioallocateirpsignaleventincompletion_0.bpl.bpl.txt,NOK,NOK,40,41,24.642771,57.737125,OR,134.29639872886048,0,0
kerneldriver_irqlkedispatchlte_0.bpl.bpl.txt,TIMEDOUT,TIMEDOUT,1741,1746,3598.527238,3598.37371,TIMED-OUT,TIMED-OUT,0,0
modem_completerequest_0.bpl.bpl.txt,NOK,TIMEDOUT,95,642,101.24828600000001,3598.244817,OR,3453.882203003416,1,0
mouser_ioallocateirpsignaleventincompletion_0.bpl.bpl.txt,OK,TIMEDOUT,154,2178,292.843574,3598.370163,OR,1128.7686951259514,1,0
partmgr_completerequest_0.bpl.bpl.txt,OK,TIMEDOUT,170,1688,211.400674,3598.324763,OR,1602.13495298506,1,0
driver_irqlkedispatchlte_1.bpl.bpl.txt,OK,TIMEDOUT,437,1365,983.716691,3598.492394,OR,265.8057677502597,1,0
usbccgp_irqliopassive3_0.bpl.bpl.txt,OK,TIMEDOUT,142,1809,189.816343,3597.333734,OR,1795.1654410495096,1,0
serial_markingqueuedirps_2.bpl.bpl.txt,OK,TIMEDOUT,340,2111,871.9977690000001,3597.581154,OR,312.56770164970453,1,0
modem_markingqueuedirps_0.bpl.bpl.txt,OK,OK,443,176,614.374909,447.060744,UW,37.42537613635788,0,0
61883_irqlkesetevent_0.bpl.bpl.txt,OK,OK,1,4,1.1600829999999998,3.377384,OR,191.13296203806115,0,0
mouser_completerequest_1.bpl.bpl.txt,TIMEDOUT,TIMEDOUT,1416,330,3598.459979,3598.410867,TIMED-OUT,TIMED-OUT,0,0
driver_irqlexallocatepool_3.bpl.bpl.txt,OK,TIMEDOUT,12,802,14.443104,3595.412985,OR,24793.63079432233,1,0
mouser_multremovelock_0.bpl.bpl.txt,NOK,NOK,31,28,11.437254,8.427077,UW,35.72029779720772,0,0
avc_irqlkedispatchlte_0.bpl.bpl.txt,TIMEDOUT,TIMEDOUT,2097,1350,3598.033267,3597.698152,TIMED-OUT,TIMED-OUT,0,0
modem_irqlkereleasespinlock_0.bpl.bpl.txt,TIMEDOUT,TIMEDOUT,2485,352,3598.125324,3598.21638,TIMED-OUT,TIMED-OUT,0,0
serial_markingqueuedirps_1.bpl.bpl.txt,OK,TIMEDOUT,480,2063,1226.460756,3597.797331,OR,193.3479374206736,1,0
kbdclass_ioallocatefree_0.bpl.bpl.txt,OK,OK,248,1002,377.093437,2861.050318,OR,658.7112469422267,0,0
hw_irqliopassive4_0.bpl.bpl.txt,OK,TIMEDOUT,671,2101,1448.4865770000001,3597.835081,OR,148.38580751307853,1,0
sbp2port_markingqueuedirps_1.bpl.bpl.txt,NOK,NOK,57,96,53.343721,124.84236900000002,OR,134.03385939274844,0,0
tffsport_checkdeviceobjectflags_0.bpl.bpl.txt,TIMEDOUT,TIMEDOUT,345,870,3595.538671,3595.392977,TIMED-OUT,TIMED-OUT,0,0
mxport_irqlkedispatchlte_0.bpl.bpl.txt,TIMEDOUT,TIMEDOUT,1240,1340,3597.891008,3598.103811,TIMED-OUT,TIMED-OUT,0,0
sbp2port_markirppending_1.bpl.bpl.txt,NOK,NOK,51,119,48.146601999999994,269.43452199999996,OR,459.61274691825605,0,0
driver_targetrelationneedsref_0.bpl.bpl.txt,TIMEDOUT,TIMEDOUT,649,2113,3598.355732,3598.02644,TIMED-OUT,TIMED-OUT,0,0
usbccgp_irqlkereleasespinlock_0.bpl.bpl.txt,TIMEDOUT,TIMEDOUT,2426,1351,3597.333402,3597.42149,TIMED-OUT,TIMED-OUT,0,0
61883_irqlreturn_0.bpl.bpl.txt,OK,OK,51,955,52.894806,1711.597568,OR,3135.8518679508907,0,0
avc_irqlkereleasespinlock_1.bpl.bpl.txt,TIMEDOUT,TIMEDOUT,2322,1238,3597.96407,3597.824958,TIMED-OUT,TIMED-OUT,0,0
61883_removelockreleaseinternaldevicecontrol_1.bpl.bpl.txt,NOK,NOK,27,69,11.56308,103.27530300000001,OR,793.1470075447028,0,0
avc_markirppending_0.bpl.bpl.txt,TIMEDOUT,TIMEDOUT,932,773,3597.992697,3597.992787,TIMED-OUT,TIMED-OUT,0,0
sbp2port_irqliopassive4_1.bpl.bpl.txt,OK,TIMEDOUT,72,2125,97.608802,3597.938454,OR,3586.0799234069077,1,0
sbp2port_irqlioapclte_0.bpl.bpl.txt,NOK,TIMEDOUT,34,1989,25.849559,3597.105181,OR,13815.53790530817,1,0
kbdclass_multremovelock_1.bpl.bpl.txt,NOK,NOK,41,34,44.477601,26.833987999999998,UW,65.75099087023519,0,0
flpydisk_irqlexapclte1_0.bpl.bpl.txt,OK,TIMEDOUT,35,2079,44.685112999999994,3598.390256,OR,7952.771973520579,1,0
serial_irqlexallocatepool_1.bpl.bpl.txt,TIMEDOUT,TIMEDOUT,106,1196,3597.899889,3597.598169,TIMED-OUT,TIMED-OUT,0,0
sbp2port_doublecompletion_0.bpl.bpl.txt,NOK,NOK,22,19,9.526305,8.585225999999999,UW,10.961610096228126,0,0
avc_completerequeststatuscheck_1.bpl.bpl.txt,NOK,TIMEDOUT,150,1232,146.44915,3597.589453,OR,2356.5451236828617,1,0
sbp2port_markingqueuedirps_0.bpl.bpl.txt,TIMEDOUT,TIMEDOUT,1919,775,3597.206615,3596.946785,TIMED-OUT,TIMED-OUT,0,0
sbp2port_pendedcompletedrequest3_1.bpl.bpl.txt,NOK,NOK,31,32,22.887487,27.754625,OR,21.265497605744137,0,0
avc_completerequest_0.bpl.bpl.txt,TIMEDOUT,TIMEDOUT,1304,1260,3597.889833,3597.511532,TIMED-OUT,TIMED-OUT,0,0
kbdclass_completerequest_1.bpl.bpl.txt,OK,TIMEDOUT,227,1535,371.780915,3598.396601,OR,867.880936276678,1,0
sbp2port_markdevicepower_1.bpl.bpl.txt,TIMEDOUT,TIMEDOUT,1264,1617,3598.454845,3598.27267,TIMED-OUT,TIMED-OUT,0,0
61883_ioreleaseremovelockandwaitoutsideremovedevice_0.bpl.bpl.txt,NOK,NOK,33,38,21.925458,31.87952,OR,45.39956246295973,0,0
sbp2port_forwardedatbadirqlallocate_0.bpl.bpl.txt,NOK,NOK,19,35,12.183686000000002,20.560552,OR,68.7547758535471,0,0
mouser_lowerdriverreturn_1.bpl.bpl.txt,NOK,NOK,71,87,40.314409,71.04057,OR,76.21632503653967,0,0
usbccgp_ioreuseirp_0.bpl.bpl.txt,NOK,NOK,46,114,43.078384,158.69964,OR,268.39738463726957,0,0
hw_irqlkereleasespinlock_0.bpl.bpl.txt,TIMEDOUT,TIMEDOUT,2011,1999,3597.249444,3597.576806,TIMED-OUT,TIMED-OUT,0,0
61883_multremovelock_0.bpl.bpl.txt,OK,TIMEDOUT,69,2336,172.94313599999998,3597.963507,OR,1980.4315165188173,1,0
cyzport_irqlreturn_0.bpl.bpl.txt,OK,TIMEDOUT,80,599,97.24958199999999,3598.013896,OR,3599.7731219040106,1,0
kbdclass_ioallocateirpsignaleventincompletiontimeout_1.bpl.bpl.txt,NOK,NOK,19,19,11.699110999999998,8.80502,UW,32.868647657813355,0,0
kbdclass_multremovelock_0.bpl.bpl.txt,NOK,NOK,56,373,60.970915,591.38916,OR,869.95290295381,0,0
mp_markingqueuedirps_0.bpl.bpl.txt,NOK,NOK,137,77,159.159864,76.25474100000001,UW,108.72127019617047,0,0
winnt_completerequest_0.bpl.bpl.txt,NOK,NOK,36,31,32.022573,20.758176,UW,54.26486893646148,0,0
sbp2port_irqlkeraiselower2_0.bpl.bpl.txt,NOK,NOK,36,157,29.232714999999995,234.450703,OR,702.0148077248386,0,0
mouser_removelockmnsurpriseremove_0.bpl.bpl.txt,TIMEDOUT,TIMEDOUT,739,1214,3598.679412,3598.676332,TIMED-OUT,TIMED-OUT,0,0
sbp2port_completerequest_1.bpl.bpl.txt,NOK,NOK,138,102,165.512755,185.356057,OR,11.988986588979197,0,0
serial_pagedcode_1.bpl.bpl.txt,TIMEDOUT,TIMEDOUT,166,1492,3597.626211,3597.743586,TIMED-OUT,TIMED-OUT,0,0
avc_irqlkedispatchlte_1.bpl.bpl.txt,TIMEDOUT,TIMEDOUT,2131,1438,3597.993471,3598.037489,TIMED-OUT,TIMED-OUT,0,0
sys_irqlreturn_6.bpl.bpl.txt,NOK,NOK,51,55,45.051392,39.890554,UW,12.93749392400015,0,0
mouser_removelock_1.bpl.bpl.txt,TIMEDOUT,NOK,246,572,3598.574353,1410.522413,UW,155.12351451022283,0,1
serial_pagedcode_2.bpl.bpl.txt,TIMEDOUT,TIMEDOUT,171,1167,3597.921214,3595.6148,TIMED-OUT,TIMED-OUT,0,0
sbp2port_pendedcompletedrequest_0.bpl.bpl.txt,NOK,NOK,57,80,29.467968,90.578832,OR,207.3806514246249,0,0
avc_forwardedatbadirql_0.bpl.bpl.txt,TIMEDOUT,TIMEDOUT,2346,1106,3598.464631,3598.121957,TIMED-OUT,TIMED-OUT,0,0
61883_ioallocatecomplete_0.bpl.bpl.txt,NOK,NOK,69,99,72.80769500000001,210.723137,OR,189.42426621252048,0,0
serial_irqlzwpassive_1.bpl.bpl.txt,TIMEDOUT,TIMEDOUT,92,1386,3597.859369,3597.807554,TIMED-OUT,TIMED-OUT,0,0
winnt_pendedcompletedrequest3_0.bpl.bpl.txt,NOK,NOK,29,22,16.189594,11.361056999999999,UW,42.5007725953668,0,0
mp_irqlkeapclte2_0.bpl.bpl.txt,OK,OK,68,369,74.029237,700.401612,OR,846.1148599978142,0,0
kbdclass_nsremovelockmnsurpriseremove_1.bpl.bpl.txt,TIMEDOUT,TIMEDOUT,2250,1312,3598.462486,3598.385866,TIMED-OUT,TIMED-OUT,0,0
partmgr_nsremovelockmnsurpriseremove_0.bpl.bpl.txt,TIMEDOUT,TIMEDOUT,230,272,3598.572701,3598.464576,TIMED-OUT,TIMED-OUT,0,0
avc_pendedcompletedrequest_1.bpl.bpl.txt,OK,TIMEDOUT,100,1944,132.18149899999997,3597.848057,OR,2621.899875715588,1,0
mouser_forwardedatbadirqlallocate_1.bpl.bpl.txt,NOK,NOK,92,189,107.14509100000001,1984.77971,OR,1752.4224408937223,0,0
mouser_removelockforward2_0.bpl.bpl.txt,NOK,NOK,57,46,32.178951,30.971258000000002,UW,3.899399243001351,0,0
sbp2port_irqlkeraiselower2_1.bpl.bpl.txt,TIMEDOUT,TIMEDOUT,1754,1527,3597.856591,3597.806341,TIMED-OUT,TIMED-OUT,0,0
avc_forwardedatbadirql_1.bpl.bpl.txt,NOK,TIMEDOUT,500,1035,658.6170119999999,3598.16245,OR,446.3209094878345,1,0
sbp2port_irqlkeraiselower_1.bpl.bpl.txt,TIMEDOUT,TIMEDOUT,1241,1465,3597.970092,3597.83173,TIMED-OUT,TIMED-OUT,0,0
mouser_forwardedatbadirqlallocate_0.bpl.bpl.txt,NOK,TIMEDOUT,124,219,167.88046699999998,3598.618323,OR,2043.5598716794138,1,0
mouclass_powerdownallocate_1.bpl.bpl.txt,OK,TIMEDOUT,299,1664,593.035808,3598.461942,OR,506.78662122203593,1,0
mouclass_ioallocateirpsignaleventincompletiontimeout_0.bpl.bpl.txt,NOK,NOK,69,40,77.755403,41.675681,UW,86.57260333670374,0,0
ppa3x_removelockreleasepnp_0.bpl.bpl.txt,TIMEDOUT,TIMEDOUT,114,666,3598.703836,3598.482836,TIMED-OUT,TIMED-OUT,0,0
mouser_removelockreleasepnp_0.bpl.bpl.txt,NOK,NOK,38,536,22.490657,1349.784593,OR,5901.53473951428,0,0
1394diag_ioallocatecomplete_0.bpl.bpl.txt,OK,TIMEDOUT,74,1933,400.24372800000003,3598.44765,OR,799.0640947657772,1,0
sbp2port_irqlreturn_1.bpl.bpl.txt,OK,TIMEDOUT,85,1980,122.97108200000001,3597.805322,OR,2825.7328336754813,1,0
mouser_iobuilddevicecontrolwait_1.bpl.bpl.txt,OK,TIMEDOUT,115,2232,166.764576,3598.541004,OR,2057.856956383831,1,0
filter_completerequeststatuscheck_1.bpl.bpl.txt,OK,TIMEDOUT,68,1997,97.660242,3598.014385,OR,3584.2161265584414,1,0
ppa3x_nsremovelockquerymnremove_0.bpl.bpl.txt,OK,OK,316,191,436.906429,411.21605800000003,UW,6.247414345866806,0,0
sbp2port_removelock_0.bpl.bpl.txt,NOK,NOK,33,40,26.802995,30.548073,OR,13.972610150470125,0,0
mouclass_multremovelock_0.bpl.bpl.txt,NOK,NOK,47,56,52.771246,25.541273,UW,106.61165165886601,0,0
61883_lowerdriverreturn_1.bpl.bpl.txt,TIMEDOUT,TIMEDOUT,2096,1418,3597.945658,3597.660094,TIMED-OUT,TIMED-OUT,0,0
61883_removelockreleaseinternaldevicecontrol_0.bpl.bpl.txt,NOK,NOK,27,62,11.799018,90.84858,OR,669.9672972784683,0,0
serial_zwregistryopen_0.bpl.bpl.txt,OK,TIMEDOUT,208,1602,1845.204845,3597.4483,OR,94.96200163077287,1,0
avc_completerequeststatuscheck_0.bpl.bpl.txt,NOK,TIMEDOUT,163,1494,163.29810300000003,3597.77126,OR,2103.1923175494567,1,0
parport_pagedcode_0.bpl.bpl.txt,TIMEDOUT,TIMEDOUT,1646,911,3597.518796,3597.176314,TIMED-OUT,TIMED-OUT,0,0
avc_ioreuseirp_0.bpl.bpl.txt,NOK,TIMEDOUT,143,785,186.16087399999998,3598.04925,OR,1832.763406557707,1,0
sys_zwregistrycreate_0.bpl.bpl.txt,OK,TIMEDOUT,29,133,301.75553299999996,3598.545941,OR,1092.536854328368,1,0
61883_ioallocateforward_1.bpl.bpl.txt,TIMEDOUT,TIMEDOUT,2275,1441,3597.989826,3597.705522,TIMED-OUT,TIMED-OUT,0,0
cyzport_irqlkedispatchlte_0.bpl.bpl.txt,NOK,NOK,68,44,72.458331,61.75621099999999,UW,17.329625355415683,0,0
avc_ioallocatecomplete_0.bpl.bpl.txt,NOK,NOK,32,30,10.135632,15.161375000000001,OR,49.58490008319168,0,0
avc_ioallocateirpsignaleventincompletion_1.bpl.bpl.txt,NOK,NOK,123,144,133.552576,236.050843,OR,76.74750279620216,0,0
hw_irqlkesetevent_0.bpl.bpl.txt,TIMEDOUT,TIMEDOUT,1949,1787,3597.652913,3597.437943,TIMED-OUT,TIMED-OUT,0,0
kbdclass_forwardedatbadirqlallocate_1.bpl.bpl.txt,NOK,NOK,29,234,26.910598,398.840278,OR,1382.093701522352,0,0
kbdclass_nsremovelockquerymnremove_1.bpl.bpl.txt,TIMEDOUT,TIMEDOUT,1273,561,3598.490319,3598.51119,TIMED-OUT,TIMED-OUT,0,0
filter_lowerdriverreturn_1.bpl.bpl.txt,TIMEDOUT,TIMEDOUT,2227,1489,3597.877185,3595.963952,TIMED-OUT,TIMED-OUT,0,0
parzip_removelockreleasepnp_0.bpl.bpl.txt,TIMEDOUT,TIMEDOUT,115,817,3598.511459,3598.23806,TIMED-OUT,TIMED-OUT,0,0
filter_ioallocateirpsignaleventincompletion_0.bpl.bpl.txt,OK,TIMEDOUT,271,1429,852.656904,3596.026519,OR,321.7436699486339,1,0
avc_pagedcode_0.bpl.bpl.txt,OK,OK,57,243,72.246304,344.221757,OR,376.455871015907,0,0
usbccgp_completerequest_0.bpl.bpl.txt,NOK,NOK,30,114,19.654162,172.715247,OR,778.7718703041116,0,0
serial_pendedcompletedrequest3_2.bpl.bpl.txt,OK,OK,145,1141,156.87114,2842.7826489999998,OR,1712.1769555572807,0,0
modem_pendedcompletedrequest2_0.bpl.bpl.txt,NOK,NOK,99,529,71.231212,1510.022447,OR,2019.8887462423077,0,0
serenum_completerequest_0.bpl.bpl.txt,TIMEDOUT,TIMEDOUT,1335,1376,3598.526458,3598.469539,TIMED-OUT,TIMED-OUT,0,0
mouclass_removelockmnsurpriseremove_0.bpl.bpl.txt,OK,TIMEDOUT,277,1564,524.578819,3598.594028,OR,585.9968221477125,1,0
driver_irqliopassive3_2.bpl.bpl.txt,OK,OK,1,19,1.7343829999999993,12.877102,OR,642.4601140578526,0,0
modem_irqlkedispatchlte_0.bpl.bpl.txt,TIMEDOUT,TIMEDOUT,1593,547,3597.825399,3597.844213,TIMED-OUT,TIMED-OUT,0,0
mp_irqlreturn_0.bpl.bpl.txt,OK,OK,53,1089,45.2562,2264.998728,OR,4904.836305301816,0,0
ppa3x_completerequest_0.bpl.bpl.txt,TIMEDOUT,TIMEDOUT,360,1193,3598.454683,3598.450779,TIMED-OUT,TIMED-OUT,0,0
driver_irqlkesetevent_2.bpl.bpl.txt,TIMEDOUT,TIMEDOUT,1899,1068,3593.684658,3593.693524,TIMED-OUT,TIMED-OUT,0,0
driver_completerequest_3.bpl.bpl.txt,TIMEDOUT,TIMEDOUT,2118,1014,3594.287277,3593.878137,TIMED-OUT,TIMED-OUT,0,0
61883_pendedcompletedrequest3_1.bpl.bpl.txt,TIMEDOUT,TIMEDOUT,1794,1205,3598.026753,3597.920556,TIMED-OUT,TIMED-OUT,0,0
hw_irqlkewaitformutexobject_0.bpl.bpl.txt,OK,TIMEDOUT,248,2180,463.33367,3597.774802,OR,676.4975944873594,1,0
mouser_iobuilddeviceiocontrolsetevent_0.bpl.bpl.txt,NOK,NOK,23,43,13.662427999999998,41.757548,OR,205.63782660007433,0,0
kbdclass_nsremovelockmnremove_0.bpl.bpl.txt,TIMEDOUT,TIMEDOUT,2269,1534,3598.58917,3598.487917,TIMED-OUT,TIMED-OUT,0,0
1394diag_pendedcompletedrequest_0.bpl.bpl.txt,OK,OK,128,1382,96.464784,3032.164534,OR,3043.2865013205237,0,0
parzip_nsremovelockquerymnremove_0.bpl.bpl.txt,OK,OK,75,66,23.845439,130.041614,OR,445.3521488952249,0,0
serial_irqlkesetevent_1.bpl.bpl.txt,TIMEDOUT,TIMEDOUT,1050,994,3597.835153,3597.81249,TIMED-OUT,TIMED-OUT,0,0
driver_zwregistrycreate_0.bpl.bpl.txt,TIMEDOUT,TIMEDOUT,1606,1215,3595.449113,3595.330143,TIMED-OUT,TIMED-OUT,0,0
mouclass_signaleventincompletion_1.bpl.bpl.txt,OK,OK,115,405,141.062,807.1254640000001,OR,472.17781117522793,0,0
usbccgp_irqlkedispatchlte_0.bpl.bpl.txt,TIMEDOUT,TIMEDOUT,2300,1173,3597.425149,3596.780106,TIMED-OUT,TIMED-OUT,0,0
1394diag_completerequest_0.bpl.bpl.txt,NOK,NOK,21,75,11.830161,140.83660799999998,OR,1090.4876696099063,0,0
serial_zwregistryopen_1.bpl.bpl.txt,TIMEDOUT,TIMEDOUT,213,1673,3597.773626,3597.56396,TIMED-OUT,TIMED-OUT,0,0
daytona_removelockreleasepnp_1.bpl.bpl.txt,NOK,NOK,71,114,84.551736,149.150928,OR,76.4019700316975,0,0
1394vdev_completerequest_0.bpl.bpl.txt,NOK,NOK,20,62,11.108319000000002,96.790999,OR,771.3379495133331,0,0
parport_markstartdevice_0.bpl.bpl.txt,NOK,NOK,14,38,26.408251,32.975815,OR,24.86936374544455,0,0
61883_pendedcompletedrequest3_0.bpl.bpl.txt,NOK,NOK,25,30,13.718302,27.410164,OR,99.80726477664658,0,0
sbp2port_ioallocateforward_0.bpl.bpl.txt,NOK,NOK,21,34,13.54815,32.095142,OR,136.8968604569628,0,0
