Name,OutCome,RunTime,InlinedProcesures
linux-4.2-rc1.tar.xz-43_2a-drivers--usb--host--xhci-hcd.ko-entry_point_true-unreach-call.cil.out.i.bpl.bpl.txt,TIMEDOUT,3600,0
linux-4.2-rc1.tar.xz-43_2a-drivers--staging--lustre--lnet--selftest--lnet_selftest.ko-entry_point_true-unreach-call.cil.out.i.bpl.bpl.txt,OK,839.64,2688
32_1_cilled_true-unreach-call_ok_nondet_linux-3.4-32_1-drivers--staging--iio--dds--ad9951.ko-ldv_main0_sequence_infinite_withcheck_stateful.cil.out.i.bpl.bpl.txt,ReachedBound,93.48,391
linux-3.8-rc1-32_7a-drivers--net--wireless--mwl8k.ko-ldv_main0_false-unreach-call.cil.out.i.bpl.bpl.txt,NOK,815.53,156
32_7a_cilled_true-unreach-call_linux-3.8-rc1-32_7a-drivers--media--dvb-core--dvb-core.ko-ldv_main5_sequence_infinite_withcheck_stateful.cil.out.i.bpl.bpl.txt,TIMEDOUT,3600,0
43_1a_cilled_false-unreach-call_ok_linux-43_1a-drivers--net--wireless--orinoco--orinoco_usb.ko-ldv_main0_sequence_infinite_withcheck_stateful.cil.out.i.bpl.bpl.txt,NOK,173.34,630
linux-4.2-rc1.tar.xz-32_7a-drivers--net--wireless--mwifiex--mwifiex.ko-entry_point_true-unreach-call.cil.out.i.bpl.bpl.txt,NOK,350.11,218
32_7_cilled_false-unreach-call_const_ok_linux-32_1-drivers--video--aty--atyfb.ko-ldv_main0_sequence_infinite_withcheck_stateful.cil.out.i.bpl.bpl.txt,TIMEDOUT,3600,0
linux-4.2-rc1.tar.xz-43_2a-drivers--net--ethernet--atheros--alx--alx.ko-entry_point_true-unreach-call.cil.out.i.bpl.bpl.txt,TIMEDOUT,3600,0
linux-4.2-rc1.tar.xz-08_1a-drivers--media--pci--pt3--earth-pt3.ko-entry_point_false-unreach-call.cil.out.i.bpl.bpl.txt,NOK,1316.66,282
linux-4.2-rc1.tar.xz-43_2a-drivers--scsi--hpsa.ko-entry_point_true-unreach-call.cil.out.i.bpl.bpl.txt,TIMEDOUT,3600,0
43_2a_bitvector_linux-3.16-rc1.tar.xz-43_2a-drivers--net--wireless--iwlwifi--iwlwifi.ko-entry_point_false-unreach-call.cil.out.i.bpl.bpl.txt,TIMEDOUT,3600,0
linux-4.2-rc1.tar.xz-32_7a-drivers--scsi--3w-9xxx.ko-entry_point_true-unreach-call.cil.out.i.bpl.bpl.txt,TIMEDOUT,3600,0
linux-4.2-rc1.tar.xz-43_2a-drivers--scsi--st.ko-entry_point_true-unreach-call.cil.out.i.bpl.bpl.txt,TIMEDOUT,3600,0
linux-4.2-rc1.tar.xz-32_7a-drivers--input--touchscreen--tsc2005.ko-entry_point_true-unreach-call.cil.out.i.bpl.bpl.txt,TIMEDOUT,3600,0
linux-3.12-rc1.tar.xz-08_1a-fs--nfs--nfs.ko-entry_point_false-unreach-call.cil.out.i.bpl.bpl.txt,TIMEDOUT,3600,0
linux-4.2-rc1.tar.xz-32_7a-drivers--net--ethernet--chelsio--cxgb3--cxgb3.ko-entry_point_true-unreach-call.cil.out.i.bpl.bpl.txt,TIMEDOUT,3600,0
linux-4.0-rc1---drivers--hwmon--applesmc.ko_true-unreach-call.cil.i.bpl.bpl.txt,TIMEDOUT,3600,0
43_2a_bitvector_linux-3.16-rc1.tar.xz-43_2a-drivers--media--platform--timblogiw.ko-entry_point_false-unreach-call.cil.out.i.bpl.bpl.txt,NOK,260.04,281
43_2a_consumption_linux-3.16-rc1.tar.xz-43_2a-drivers--net--wireless--ipw2x00--ipw2100.ko-entry_point_true-unreach-call.cil.out.i.bpl.bpl.txt,TIMEDOUT,3600,0
linux-4.2-rc1.tar.xz-08_1a-drivers--media--usb--dvb-usb--dvb-usb-cxusb.ko-entry_point_false-unreach-call.cil.out.i.bpl.bpl.txt,TIMEDOUT,3600,0
205_9a_array_safes_linux-3.16-rc1.tar.xz-205_9a-drivers--net--can--usb--peak_usb--peak_usb.ko-entry_point_true-unreach-call.cil.out.i.bpl.bpl.txt,TIMEDOUT,3600,0
linux-4.2-rc1.tar.xz-43_2a-drivers--atm--idt77252.ko-entry_point_true-unreach-call.cil.out.i.bpl.bpl.txt,TIMEDOUT,3600,0
32_7a_cilled_false-unreach-call_linux-3.8-rc1-drivers--gpu--drm--vmwgfx--vmwgfx.ko-main.cil.out.i.bpl.bpl.txt,TIMEDOUT,3600,0
linux-4.2-rc1.tar.xz-32_7a-drivers--net--wireless--prism54--prism54.ko-entry_point_true-unreach-call.cil.out.i.bpl.bpl.txt,TIMEDOUT,3600,0
linux-3.8-rc1-32_7a-drivers--usb--core--usbcore.ko-ldv_main1_sequence_infinite_withcheck_stateful_true-unreach-call.cil.out.i.bpl.bpl.txt,TIMEDOUT,3600,0
32_7a_cilled_true-unreach-call_linux-3.8-rc1-32_7a-drivers--scsi--aic7xxx_old.ko-ldv_main0_sequence_infinite_withcheck_stateful.cil.out.i.bpl.bpl.txt,NOK,344.98,116
linux-4.2-rc1.tar.xz-43_2a-drivers--scsi--aic7xxx--aic7xxx.ko-entry_point_true-unreach-call.cil.out.i.bpl.bpl.txt,TIMEDOUT,3600,0
32_7a_cilled_true-unreach-call_linux-3.8-rc1-drivers--net--ethernet--qlogic--qlge--qlge.ko-main.cil.out.i.bpl.bpl.txt,TIMEDOUT,3600,0
linux-4.0-rc1---drivers--block--nvme.ko_false-unreach-call.cil.i.bpl.bpl.txt,NOK,797.16,450
43_2a_bitvector_linux-3.16-rc1.tar.xz-43_2a-net--unix--unix.ko-entry_point_false-unreach-call.cil.out.i.bpl.bpl.txt,TIMEDOUT,3600,0
32_7a_cilled_true-unreach-call_linux-3.8-rc1-32_7a-drivers--media--tuners--tda18271.ko-ldv_main2_sequence_infinite_withcheck_stateful.cil.out.i.bpl.bpl.txt,TIMEDOUT,3600,0
linux-4.0-rc1---drivers--char--ipmi--ipmi_msghandler.ko_true-unreach-call.cil.i.bpl.bpl.txt,TIMEDOUT,3600,0
linux-stable-90a4845-1-110_1a-drivers--char--ipmi--ipmi_si.ko-entry_point_false-unreach-call.cil.out.i.bpl.bpl.txt,NOK,143.46,157
linux-4.2-rc1.tar.xz-43_2a-drivers--net--ethernet--realtek--r8169.ko-entry_point_true-unreach-call.cil.out.i.bpl.bpl.txt,TIMEDOUT,3600,0
linux-4.2-rc1.tar.xz-43_2a-drivers--tty--synclink_gt.ko-entry_point_true-unreach-call.cil.out.i.bpl.bpl.txt,TIMEDOUT,3600,0
linux-4.2-rc1.tar.xz-43_2a-drivers--net--ethernet--ti--tlan.ko-entry_point_true-unreach-call.cil.out.i.bpl.bpl.txt,TIMEDOUT,3600,0
linux-4.2-rc1.tar.xz-43_2a-drivers--infiniband--ulp--isert--ib_isert.ko-entry_point_true-unreach-call.cil.out.i.bpl.bpl.txt,TIMEDOUT,3600,0
32_7a_cilled_true-unreach-call_linux-3.8-rc1-32_7a-drivers--pcmcia--pcmcia.ko-ldv_main2_sequence_infinite_withcheck_stateful.cil.out.i.bpl.bpl.txt,TIMEDOUT,3600,0
linux-4.0-rc1---drivers--media--usb--dvb-usb-v2--dvb-usb-mxl111sf.ko_true-unreach-call.cil.i.bpl.bpl.txt,TIMEDOUT,3600,0
205_9a_array_unsafes_linux-3.16-rc1.tar.xz-205_9a-drivers--net--wan--hdlc_cisco.ko-entry_point_false-unreach-call.cil.out.i.bpl.bpl.txt,ReachedBound,369.19,1170
32_7a_cilled_true-unreach-call_linux-3.8-rc1-drivers--usb--host--ohci-hcd.ko-main.cil.out.i.bpl.bpl.txt,TIMEDOUT,3600,0
32_7a_cilled_true-unreach-call_linux-3.8-rc1-32_7a-drivers--block--paride--pt.ko-ldv_main0_sequence_infinite_withcheck_stateful.cil.out.i.bpl.bpl.txt,ReachedBound,599.83,3968
linux-4.0-rc1---drivers--gpu--drm--ast--ast.ko_false-unreach-call.cil.i.bpl.bpl.txt,NOK,1059.09,180
32_7a_cilled_false-unreach-call_linux-3.8-rc1-32_7a-drivers--net--can--softing--softing.ko-ldv_main0_sequence_infinite_withcheck_stateful.cil.out.i.bpl.bpl.txt,NOK,53.55,76
linux-4.2-rc1.tar.xz-32_7a-drivers--scsi--snic--snic.ko-entry_point_true-unreach-call.cil.out.i.bpl.bpl.txt,TIMEDOUT,3600,0
43_2a_consumption_linux-3.16-rc1.tar.xz-43_2a-drivers--input--gameport--ns558.ko-entry_point_true-unreach-call.cil.out.i.bpl.bpl.txt,NOK,1520.67,4
linux-4.2-rc1.tar.xz-08_1a-drivers--net--wireless--ipw2x00--ipw2100.ko-entry_point_true-unreach-call.cil.out.i.bpl.bpl.txt,OK,19.15,183
205_9a_array_unsafes_linux-3.16-rc1.tar.xz-205_9a-drivers--net--ethernet--atheros--atlx--atl1.ko-entry_point_true-unreach-call.cil.out.i.bpl.bpl.txt,TIMEDOUT,3600,0
module_get_put-drivers-usb-core-usbcore.ko_false-unreach-call.cil.out.i.bpl.bpl.txt,TIMEDOUT,3600,0
205_9a_array_unsafes_linux-3.16-rc1.tar.xz-205_9a-drivers--net--ethernet--renesas--sh_eth.ko-entry_point_false-unreach-call.cil.out.i.bpl.bpl.txt,TIMEDOUT,3600,0
linux-3.8-rc1-32_7a-drivers--input--misc--uinput.ko-ldv_main0_true-unreach-call.cil.out.i.bpl.bpl.txt,TIMEDOUT,3600,0
linux-4.0-rc1---drivers--media--usb--gspca--gspca_main.ko_false-unreach-call.cil.i.bpl.bpl.txt,NOK,437.49,240
32_7a_cilled_true-unreach-call_linux-3.8-rc1-32_7a-fs--ecryptfs--ecryptfs.ko-ldv_main3_sequence_infinite_withcheck_stateful.cil.out.i.bpl.bpl.txt,TIMEDOUT,3600,0
205_9a_array_unsafes_linux-3.16-rc1.tar.xz-205_9a-drivers--net--ethernet--intel--igbvf--igbvf.ko-entry_point_true-unreach-call.cil.out.i.bpl.bpl.txt,TIMEDOUT,3600,0
linux-4.0-rc1---sound--drivers--vx--snd-vx-lib.ko_true-unreach-call.cil.i.bpl.bpl.txt,TIMEDOUT,3600,0
linux-4.2-rc1.tar.xz-32_7a-drivers--scsi--st.ko-entry_point_true-unreach-call.cil.out.i.bpl.bpl.txt,TIMEDOUT,3600,0
linux-4.2-rc1.tar.xz-32_7a-drivers--md--dm-raid.ko-entry_point_false-unreach-call.cil.out.i.bpl.bpl.txt,ReachedBound,158.85,222
linux-4.2-rc1.tar.xz-32_7a-drivers--media--usb--pvrusb2--pvrusb2.ko-entry_point_true-unreach-call.cil.out.i.bpl.bpl.txt,Inconclusive,3600,0
